dt,AverageTemperature,Country
2012-01-01,-0.9429999999999998,Åland
2012-02-01,-3.454,Åland
2012-03-01,2.317,Åland
2012-04-01,2.935,Åland
2012-05-01,8.434000000000001,Åland
2012-06-01,10.645,Åland
2012-07-01,16.05,Åland
2012-08-01,15.605,Åland
2012-09-01,12.087,Åland
2012-10-01,7.03,Åland
2012-11-01,5.478,Åland
2012-12-01,-3.4170000000000003,Åland
2012-01-01,-0.231,Afghanistan
2012-02-01,0.2349999999999999,Afghanistan
2012-03-01,8.696000000000002,Afghanistan
2012-04-01,16.32,Afghanistan
2012-05-01,21.179,Afghanistan
2012-06-01,25.267,Afghanistan
2012-07-01,28.193,Afghanistan
2012-08-01,26.549000000000003,Afghanistan
2012-09-01,20.933000000000003,Afghanistan
2012-10-01,15.031,Afghanistan
2012-11-01,8.7,Afghanistan
2012-12-01,2.907,Afghanistan
2012-01-01,21.151,Africa
2012-02-01,22.648000000000003,Africa
2012-03-01,24.357,Africa
2012-04-01,25.621,Africa
2012-05-01,26.627,Africa
2012-06-01,26.302,Africa
2012-07-01,25.513,Africa
2012-08-01,26.042,Africa
2012-09-01,26.147,Africa
2012-10-01,25.713,Africa
2012-11-01,24.607000000000006,Africa
2012-12-01,21.983,Africa
2012-01-01,1.6869999999999998,Albania
2012-02-01,1.977,Albania
2012-03-01,9.135,Albania
2012-04-01,12.053,Albania
2012-05-01,16.316000000000006,Albania
2012-06-01,22.309,Albania
2012-07-01,25.474,Albania
2012-08-01,24.966,Albania
2012-09-01,20.454,Albania
2012-10-01,15.759,Albania
2012-11-01,11.269,Albania
2012-12-01,3.82,Albania
2012-01-01,11.363,Algeria
2012-02-01,12.09,Algeria
2012-03-01,18.32,Algeria
2012-04-01,23.349,Algeria
2012-05-01,29.664,Algeria
2012-06-01,33.977,Algeria
2012-07-01,34.958,Algeria
2012-08-01,34.01,Algeria
2012-09-01,30.224,Algeria
2012-10-01,25.834000000000003,Algeria
2012-11-01,20.031,Algeria
2012-12-01,13.638,Algeria
2012-01-01,27.145,American Samoa
2012-02-01,27.134,American Samoa
2012-03-01,27.045,American Samoa
2012-04-01,27.266,American Samoa
2012-05-01,27.179,American Samoa
2012-06-01,27.065,American Samoa
2012-07-01,26.629,American Samoa
2012-08-01,26.922,American Samoa
2012-09-01,27.278,American Samoa
2012-10-01,27.475,American Samoa
2012-11-01,27.963,American Samoa
2012-12-01,27.316,American Samoa
2012-01-01,5.145,Andorra
2012-02-01,1.7049999999999996,Andorra
2012-03-01,9.405,Andorra
2012-04-01,9.752,Andorra
2012-05-01,15.136,Andorra
2012-06-01,18.817,Andorra
2012-07-01,20.512,Andorra
2012-08-01,22.514,Andorra
2012-09-01,17.539,Andorra
2012-10-01,13.261,Andorra
2012-11-01,8.62,Andorra
2012-12-01,5.672999999999999,Andorra
2012-01-01,22.152,Angola
2012-02-01,22.038,Angola
2012-03-01,23.438,Angola
2012-04-01,22.554,Angola
2012-05-01,20.979000000000006,Angola
2012-06-01,18.693,Angola
2012-07-01,18.891,Angola
2012-08-01,21.817,Angola
2012-09-01,23.797,Angola
2012-10-01,23.736,Angola
2012-11-01,24.344,Angola
2012-12-01,23.041,Angola
2012-01-01,25.678,Anguilla
2012-02-01,25.868,Anguilla
2012-03-01,26.182,Anguilla
2012-04-01,26.622,Anguilla
2012-05-01,27.448,Anguilla
2012-06-01,28.883000000000003,Anguilla
2012-07-01,29.073,Anguilla
2012-08-01,29.171,Anguilla
2012-09-01,29.309,Anguilla
2012-10-01,28.758000000000003,Anguilla
2012-11-01,28.203000000000003,Anguilla
2012-12-01,26.47600000000001,Anguilla
2012-01-01,,Antarctica
2012-02-01,,Antarctica
2012-03-01,,Antarctica
2012-04-01,,Antarctica
2012-05-01,,Antarctica
2012-06-01,,Antarctica
2012-07-01,,Antarctica
2012-08-01,,Antarctica
2012-09-01,,Antarctica
2012-10-01,,Antarctica
2012-11-01,,Antarctica
2012-12-01,,Antarctica
2012-01-01,25.582,Antigua And Barbuda
2012-02-01,25.654,Antigua And Barbuda
2012-03-01,25.985,Antigua And Barbuda
2012-04-01,26.553,Antigua And Barbuda
2012-05-01,27.362,Antigua And Barbuda
2012-06-01,28.813,Antigua And Barbuda
2012-07-01,28.898000000000003,Antigua And Barbuda
2012-08-01,28.903,Antigua And Barbuda
2012-09-01,28.921,Antigua And Barbuda
2012-10-01,28.312,Antigua And Barbuda
2012-11-01,27.89,Antigua And Barbuda
2012-12-01,26.329,Antigua And Barbuda
2012-01-01,23.29,Argentina
2012-02-01,21.487,Argentina
2012-03-01,19.34,Argentina
2012-04-01,14.663,Argentina
2012-05-01,12.433,Argentina
2012-06-01,8.353,Argentina
2012-07-01,6.98,Argentina
2012-08-01,10.842,Argentina
2012-09-01,13.931,Argentina
2012-10-01,16.311,Argentina
2012-11-01,19.677,Argentina
2012-12-01,20.961,Argentina
2012-01-01,-2.78,Armenia
2012-02-01,-5.478999999999999,Armenia
2012-03-01,0.3630000000000004,Armenia
2012-04-01,12.004,Armenia
2012-05-01,16.084,Armenia
2012-06-01,20.418,Armenia
2012-07-01,22.252,Armenia
2012-08-01,23.687,Armenia
2012-09-01,18.592,Armenia
2012-10-01,13.265,Armenia
2012-11-01,6.766,Armenia
2012-12-01,-0.963,Armenia
2012-01-01,26.879,Aruba
2012-02-01,26.97600000000001,Aruba
2012-03-01,27.066,Aruba
2012-04-01,27.516,Aruba
2012-05-01,29.117,Aruba
2012-06-01,29.993,Aruba
2012-07-01,30.339,Aruba
2012-08-01,30.232,Aruba
2012-09-01,30.112,Aruba
2012-10-01,29.067,Aruba
2012-11-01,28.764,Aruba
2012-12-01,27.767,Aruba
2012-01-01,-7.158,Asia
2012-02-01,-5.225,Asia
2012-03-01,1.339,Asia
2012-04-01,10.521999999999998,Asia
2012-05-01,16.468,Asia
2012-06-01,20.934,Asia
2012-07-01,22.444000000000003,Asia
2012-08-01,20.591,Asia
2012-09-01,16.36,Asia
2012-10-01,9.425,Asia
2012-11-01,1.459,Asia
2012-12-01,-6.007000000000001,Asia
2012-01-01,27.904,Australia
2012-02-01,27.2,Australia
2012-03-01,24.699,Australia
2012-04-01,22.208,Australia
2012-05-01,17.761999999999997,Australia
2012-06-01,14.674,Australia
2012-07-01,14.027,Australia
2012-08-01,16.408,Australia
2012-09-01,20.474,Australia
2012-10-01,23.586,Australia
2012-11-01,26.935,Australia
2012-12-01,28.417,Australia
2012-01-01,-1.7910000000000004,Austria
2012-02-01,-5.609999999999999,Austria
2012-03-01,5.287000000000001,Austria
2012-04-01,7.338999999999999,Austria
2012-05-01,12.795,Austria
2012-06-01,16.222,Austria
2012-07-01,17.555,Austria
2012-08-01,17.923000000000005,Austria
2012-09-01,12.887,Austria
2012-10-01,7.277,Austria
2012-11-01,3.844,Austria
2012-12-01,-2.392,Austria
2012-01-01,0.3120000000000001,Azerbaijan
2012-02-01,-1.7889999999999997,Azerbaijan
2012-03-01,3.6309999999999993,Azerbaijan
2012-04-01,14.466,Azerbaijan
2012-05-01,19.13000000000001,Azerbaijan
2012-06-01,23.063,Azerbaijan
2012-07-01,24.381,Azerbaijan
2012-08-01,25.547,Azerbaijan
2012-09-01,20.219,Azerbaijan
2012-10-01,15.834,Azerbaijan
2012-11-01,9.433,Azerbaijan
2012-12-01,2.814,Azerbaijan
2012-01-01,22.52,Bahamas
2012-02-01,23.599,Bahamas
2012-03-01,24.291,Bahamas
2012-04-01,24.488000000000003,Bahamas
2012-05-01,26.476,Bahamas
2012-06-01,27.932,Bahamas
2012-07-01,28.748,Bahamas
2012-08-01,28.988000000000003,Bahamas
2012-09-01,28.259,Bahamas
2012-10-01,26.903,Bahamas
2012-11-01,23.789,Bahamas
2012-12-01,23.804,Bahamas
2012-01-01,16.301000000000002,Bahrain
2012-02-01,17.295,Bahrain
2012-03-01,19.899,Bahrain
2012-04-01,26.471,Bahrain
2012-05-01,33.398,Bahrain
2012-06-01,35.773,Bahrain
2012-07-01,37.471,Bahrain
2012-08-01,36.749,Bahrain
2012-09-01,33.648,Bahrain
2012-10-01,30.131,Bahrain
2012-11-01,24.035,Bahrain
2012-12-01,19.181,Bahrain
2012-01-01,26.0,Baker Island
2012-02-01,26.313,Baker Island
2012-03-01,26.268,Baker Island
2012-04-01,26.243,Baker Island
2012-05-01,26.465,Baker Island
2012-06-01,26.143,Baker Island
2012-07-01,25.487,Baker Island
2012-08-01,26.291,Baker Island
2012-09-01,26.22,Baker Island
2012-10-01,26.047,Baker Island
2012-11-01,26.182,Baker Island
2012-12-01,26.518,Baker Island
2012-01-01,17.925,Bangladesh
2012-02-01,21.282,Bangladesh
2012-03-01,26.076,Bangladesh
2012-04-01,27.62,Bangladesh
2012-05-01,29.416,Bangladesh
2012-06-01,29.085,Bangladesh
2012-07-01,28.599,Bangladesh
2012-08-01,28.908,Bangladesh
2012-09-01,28.626,Bangladesh
2012-10-01,26.631,Bangladesh
2012-11-01,23.139,Bangladesh
2012-12-01,19.096,Bangladesh
2012-01-01,26.06,Barbados
2012-02-01,25.81,Barbados
2012-03-01,26.216,Barbados
2012-04-01,26.733,Barbados
2012-05-01,27.46,Barbados
2012-06-01,28.321,Barbados
2012-07-01,28.278,Barbados
2012-08-01,28.195,Barbados
2012-09-01,28.402,Barbados
2012-10-01,28.019,Barbados
2012-11-01,27.922,Barbados
2012-12-01,26.744000000000003,Barbados
2012-01-01,-4.867,Belarus
2012-02-01,-10.805,Belarus
2012-03-01,1.1889999999999998,Belarus
2012-04-01,8.391,Belarus
2012-05-01,14.965,Belarus
2012-06-01,16.114,Belarus
2012-07-01,20.618,Belarus
2012-08-01,17.781,Belarus
2012-09-01,13.68,Belarus
2012-10-01,7.188,Belarus
2012-11-01,3.804,Belarus
2012-12-01,-6.0360000000000005,Belarus
2012-01-01,4.425,Belgium
2012-02-01,0.1159999999999996,Belgium
2012-03-01,8.578,Belgium
2012-04-01,8.408,Belgium
2012-05-01,14.479,Belgium
2012-06-01,15.300999999999998,Belgium
2012-07-01,17.617,Belgium
2012-08-01,19.277,Belgium
2012-09-01,14.538,Belgium
2012-10-01,10.501,Belgium
2012-11-01,6.582999999999999,Belgium
2012-12-01,4.399,Belgium
2012-01-01,23.54,Belize
2012-02-01,24.673,Belize
2012-03-01,25.464,Belize
2012-04-01,26.86,Belize
2012-05-01,27.61,Belize
2012-06-01,27.307,Belize
2012-07-01,26.806,Belize
2012-08-01,26.893,Belize
2012-09-01,27.05,Belize
2012-10-01,25.326,Belize
2012-11-01,23.542,Belize
2012-12-01,23.742,Belize
2012-01-01,26.974,Benin
2012-02-01,29.482000000000006,Benin
2012-03-01,30.852,Benin
2012-04-01,30.547,Benin
2012-05-01,28.725,Benin
2012-06-01,27.413,Benin
2012-07-01,25.818,Benin
2012-08-01,25.44,Benin
2012-09-01,25.947,Benin
2012-10-01,26.61,Benin
2012-11-01,28.266,Benin
2012-12-01,26.948,Benin
2012-01-01,2.955,Bhutan
2012-02-01,6.800999999999998,Bhutan
2012-03-01,10.474,Bhutan
2012-04-01,12.74,Bhutan
2012-05-01,16.171,Bhutan
2012-06-01,17.85,Bhutan
2012-07-01,18.286,Bhutan
2012-08-01,18.55,Bhutan
2012-09-01,16.621,Bhutan
2012-10-01,12.858,Bhutan
2012-11-01,8.509,Bhutan
2012-12-01,5.542000000000001,Bhutan
2012-01-01,22.889000000000006,Bolivia
2012-02-01,22.507,Bolivia
2012-03-01,22.394,Bolivia
2012-04-01,21.71,Bolivia
2012-05-01,19.898,Bolivia
2012-06-01,18.334,Bolivia
2012-07-01,17.679000000000006,Bolivia
2012-08-01,20.173,Bolivia
2012-09-01,22.869,Bolivia
2012-10-01,23.905,Bolivia
2012-11-01,23.592,Bolivia
2012-12-01,23.336,Bolivia
2012-01-01,26.188,Bonaire-Saint Eustatius And Saba
2012-02-01,26.382,Bonaire-Saint Eustatius And Saba
2012-03-01,26.595,Bonaire-Saint Eustatius And Saba
2012-04-01,27.243,Bonaire-Saint Eustatius And Saba
2012-05-01,28.316,Bonaire-Saint Eustatius And Saba
2012-06-01,29.115,Bonaire-Saint Eustatius And Saba
2012-07-01,29.215,Bonaire-Saint Eustatius And Saba
2012-08-01,29.225,Bonaire-Saint Eustatius And Saba
2012-09-01,29.403,Bonaire-Saint Eustatius And Saba
2012-10-01,28.83,Bonaire-Saint Eustatius And Saba
2012-11-01,28.435,Bonaire-Saint Eustatius And Saba
2012-12-01,27.01,Bonaire-Saint Eustatius And Saba
2012-01-01,0.807,Bosnia and Herz.
2012-02-01,-2.802,Bosnia and Herz.
2012-03-01,8.695,Bosnia and Herz.
2012-04-01,11.082,Bosnia and Herz.
2012-05-01,15.295,Bosnia and Herz.
2012-06-01,21.634,Bosnia and Herz.
2012-07-01,24.029,Bosnia and Herz.
2012-08-01,23.628,Bosnia and Herz.
2012-09-01,18.606,Bosnia and Herz.
2012-10-01,12.821000000000002,Bosnia and Herz.
2012-11-01,9.317,Bosnia and Herz.
2012-12-01,1.236,Bosnia and Herz.
2012-01-01,26.631,Botswana
2012-02-01,25.921,Botswana
2012-03-01,25.246,Botswana
2012-04-01,21.905,Botswana
2012-05-01,19.645,Botswana
2012-06-01,15.454,Botswana
2012-07-01,14.986,Botswana
2012-08-01,18.903,Botswana
2012-09-01,21.967,Botswana
2012-10-01,24.825000000000006,Botswana
2012-11-01,27.040000000000006,Botswana
2012-12-01,26.278,Botswana
2012-01-01,25.399,Brazil
2012-02-01,25.653,Brazil
2012-03-01,25.783,Brazil
2012-04-01,25.675,Brazil
2012-05-01,24.891,Brazil
2012-06-01,24.578000000000007,Brazil
2012-07-01,24.171,Brazil
2012-08-01,25.349,Brazil
2012-09-01,26.728,Brazil
2012-10-01,27.12,Brazil
2012-11-01,26.683000000000003,Brazil
2012-12-01,26.575,Brazil
2012-01-01,25.197,British Virgin Islands
2012-02-01,25.541,British Virgin Islands
2012-03-01,25.784,British Virgin Islands
2012-04-01,26.358,British Virgin Islands
2012-05-01,27.238000000000003,British Virgin Islands
2012-06-01,28.824,British Virgin Islands
2012-07-01,28.826,British Virgin Islands
2012-08-01,28.907,British Virgin Islands
2012-09-01,28.98,British Virgin Islands
2012-10-01,28.495,British Virgin Islands
2012-11-01,27.946,British Virgin Islands
2012-12-01,26.226,British Virgin Islands
2012-01-01,-1.052,Bulgaria
2012-02-01,-3.2349999999999994,Bulgaria
2012-03-01,6.334,Bulgaria
2012-04-01,12.45,Bulgaria
2012-05-01,16.027,Bulgaria
2012-06-01,21.711,Bulgaria
2012-07-01,25.063,Bulgaria
2012-08-01,23.591,Bulgaria
2012-09-01,19.393,Bulgaria
2012-10-01,14.634,Bulgaria
2012-11-01,8.665,Bulgaria
2012-12-01,0.75,Bulgaria
2012-01-01,24.725,Burkina Faso
2012-02-01,28.344,Burkina Faso
2012-03-01,31.04,Burkina Faso
2012-04-01,32.543,Burkina Faso
2012-05-01,31.766,Burkina Faso
2012-06-01,29.907,Burkina Faso
2012-07-01,27.439,Burkina Faso
2012-08-01,26.729,Burkina Faso
2012-09-01,27.21,Burkina Faso
2012-10-01,28.6,Burkina Faso
2012-11-01,29.298,Burkina Faso
2012-12-01,25.959,Burkina Faso
2012-01-01,19.607,Burma
2012-02-01,22.19400000000001,Burma
2012-03-01,25.042,Burma
2012-04-01,27.063,Burma
2012-05-01,28.081000000000003,Burma
2012-06-01,26.806,Burma
2012-07-01,26.206000000000003,Burma
2012-08-01,26.233,Burma
2012-09-01,26.293000000000003,Burma
2012-10-01,25.161,Burma
2012-11-01,23.777,Burma
2012-12-01,20.35,Burma
2012-01-01,21.078000000000003,Burundi
2012-02-01,20.784,Burundi
2012-03-01,20.8,Burundi
2012-04-01,20.043,Burundi
2012-05-01,20.149,Burundi
2012-06-01,20.59,Burundi
2012-07-01,20.299,Burundi
2012-08-01,21.355,Burundi
2012-09-01,21.998,Burundi
2012-10-01,21.107,Burundi
2012-11-01,20.756,Burundi
2012-12-01,20.092,Burundi
2012-01-01,26.308000000000003,Côte d'Ivoire
2012-02-01,27.506,Côte d'Ivoire
2012-03-01,28.576,Côte d'Ivoire
2012-04-01,27.873,Côte d'Ivoire
2012-05-01,27.065,Côte d'Ivoire
2012-06-01,26.172,Côte d'Ivoire
2012-07-01,25.253,Côte d'Ivoire
2012-08-01,25.082,Côte d'Ivoire
2012-09-01,25.669,Côte d'Ivoire
2012-10-01,25.862,Côte d'Ivoire
2012-11-01,27.003,Côte d'Ivoire
2012-12-01,26.26,Côte d'Ivoire
2012-01-01,26.039,Cambodia
2012-02-01,27.663,Cambodia
2012-03-01,28.972,Cambodia
2012-04-01,29.098000000000003,Cambodia
2012-05-01,28.591,Cambodia
2012-06-01,28.284,Cambodia
2012-07-01,27.737,Cambodia
2012-08-01,27.887,Cambodia
2012-09-01,27.24,Cambodia
2012-10-01,27.334,Cambodia
2012-11-01,27.724,Cambodia
2012-12-01,27.106,Cambodia
2012-01-01,24.337,Cameroon
2012-02-01,26.079,Cameroon
2012-03-01,27.081,Cameroon
2012-04-01,26.769,Cameroon
2012-05-01,25.369,Cameroon
2012-06-01,24.38,Cameroon
2012-07-01,23.455,Cameroon
2012-08-01,23.805,Cameroon
2012-09-01,23.93,Cameroon
2012-10-01,23.979,Cameroon
2012-11-01,24.836,Cameroon
2012-12-01,24.504,Cameroon
2012-01-01,-20.472,Canada
2012-02-01,-16.499000000000002,Canada
2012-03-01,-13.599,Canada
2012-04-01,-5.276,Canada
2012-05-01,4.045,Canada
2012-06-01,11.008,Canada
2012-07-01,14.796,Canada
2012-08-01,13.045,Canada
2012-09-01,7.907,Canada
2012-10-01,-1.814,Canada
2012-11-01,-12.093,Canada
2012-12-01,-19.17,Canada
2012-01-01,22.693,Cape Verde
2012-02-01,21.677,Cape Verde
2012-03-01,23.31,Cape Verde
2012-04-01,22.872,Cape Verde
2012-05-01,24.78,Cape Verde
2012-06-01,25.131,Cape Verde
2012-07-01,26.459,Cape Verde
2012-08-01,28.134,Cape Verde
2012-09-01,28.346,Cape Verde
2012-10-01,27.78,Cape Verde
2012-11-01,26.365,Cape Verde
2012-12-01,23.695,Cape Verde
2012-01-01,24.954,Cayman Islands
2012-02-01,25.658,Cayman Islands
2012-03-01,26.323,Cayman Islands
2012-04-01,26.727,Cayman Islands
2012-05-01,27.724,Cayman Islands
2012-06-01,28.676,Cayman Islands
2012-07-01,28.837,Cayman Islands
2012-08-01,29.197000000000006,Cayman Islands
2012-09-01,28.779,Cayman Islands
2012-10-01,27.673,Cayman Islands
2012-11-01,25.439,Cayman Islands
2012-12-01,25.468000000000004,Cayman Islands
2012-01-01,24.281,Central African Rep.
2012-02-01,27.403,Central African Rep.
2012-03-01,28.202,Central African Rep.
2012-04-01,27.628,Central African Rep.
2012-05-01,26.181,Central African Rep.
2012-06-01,25.344,Central African Rep.
2012-07-01,23.929,Central African Rep.
2012-08-01,24.63000000000001,Central African Rep.
2012-09-01,24.932,Central African Rep.
2012-10-01,24.955,Central African Rep.
2012-11-01,25.683000000000003,Central African Rep.
2012-12-01,24.506,Central African Rep.
2012-01-01,22.525,Chad
2012-02-01,26.868,Chad
2012-03-01,27.333,Chad
2012-04-01,31.069000000000003,Chad
2012-05-01,31.717,Chad
2012-06-01,30.038,Chad
2012-07-01,27.655,Chad
2012-08-01,27.975,Chad
2012-09-01,28.498,Chad
2012-10-01,28.517,Chad
2012-11-01,27.15,Chad
2012-12-01,23.069000000000003,Chad
2012-01-01,15.435,Chile
2012-02-01,14.048,Chile
2012-03-01,13.561,Chile
2012-04-01,10.131,Chile
2012-05-01,8.043,Chile
2012-06-01,5.7410000000000005,Chile
2012-07-01,5.072,Chile
2012-08-01,6.901,Chile
2012-09-01,8.940000000000003,Chile
2012-10-01,10.114,Chile
2012-11-01,12.337,Chile
2012-12-01,12.948,Chile
2012-01-01,-9.344,China
2012-02-01,-5.1930000000000005,China
2012-03-01,1.666,China
2012-04-01,9.736,China
2012-05-01,15.09,China
2012-06-01,18.236,China
2012-07-01,20.389,China
2012-08-01,19.458,China
2012-09-01,14.479,China
2012-10-01,7.683999999999998,China
2012-11-01,-0.254,China
2012-12-01,-7.021999999999999,China
2012-01-01,26.514,Christmas Island
2012-02-01,26.786,Christmas Island
2012-03-01,26.543000000000003,Christmas Island
2012-04-01,27.115,Christmas Island
2012-05-01,27.316,Christmas Island
2012-06-01,26.731,Christmas Island
2012-07-01,25.938,Christmas Island
2012-08-01,25.77,Christmas Island
2012-09-01,26.033,Christmas Island
2012-10-01,26.824,Christmas Island
2012-11-01,27.419,Christmas Island
2012-12-01,27.053,Christmas Island
2012-01-01,25.143,Colombia
2012-02-01,25.453000000000003,Colombia
2012-03-01,25.51,Colombia
2012-04-01,24.977,Colombia
2012-05-01,25.334000000000003,Colombia
2012-06-01,25.659,Colombia
2012-07-01,25.312,Colombia
2012-08-01,25.529,Colombia
2012-09-01,25.613000000000003,Colombia
2012-10-01,25.243,Colombia
2012-11-01,25.575,Colombia
2012-12-01,25.228,Colombia
2012-01-01,27.499,Comoros
2012-02-01,27.702,Comoros
2012-03-01,27.493,Comoros
2012-04-01,27.135,Comoros
2012-05-01,26.416,Comoros
2012-06-01,25.33,Comoros
2012-07-01,24.543000000000006,Comoros
2012-08-01,24.527,Comoros
2012-09-01,24.998,Comoros
2012-10-01,25.912,Comoros
2012-11-01,27.161,Comoros
2012-12-01,27.883000000000003,Comoros
2012-01-01,24.003,Dem. Rep. Congo
2012-02-01,24.361,Dem. Rep. Congo
2012-03-01,25.059,Dem. Rep. Congo
2012-04-01,24.422,Dem. Rep. Congo
2012-05-01,24.145,Dem. Rep. Congo
2012-06-01,23.684,Dem. Rep. Congo
2012-07-01,23.218000000000004,Dem. Rep. Congo
2012-08-01,24.261,Dem. Rep. Congo
2012-09-01,24.609,Dem. Rep. Congo
2012-10-01,24.16,Dem. Rep. Congo
2012-11-01,24.525,Dem. Rep. Congo
2012-12-01,24.029,Dem. Rep. Congo
2012-01-01,24.786,Congo
2012-02-01,25.213,Congo
2012-03-01,26.177,Congo
2012-04-01,25.774,Congo
2012-05-01,25.357,Congo
2012-06-01,24.165,Congo
2012-07-01,23.611,Congo
2012-08-01,24.216,Congo
2012-09-01,24.6,Congo
2012-10-01,24.654,Congo
2012-11-01,24.997,Congo
2012-12-01,24.932,Congo
2012-01-01,25.706,Costa Rica
2012-02-01,26.717,Costa Rica
2012-03-01,27.232,Costa Rica
2012-04-01,27.044,Costa Rica
2012-05-01,27.056,Costa Rica
2012-06-01,26.786,Costa Rica
2012-07-01,26.5,Costa Rica
2012-08-01,26.794,Costa Rica
2012-09-01,26.039,Costa Rica
2012-10-01,24.912,Costa Rica
2012-11-01,25.125,Costa Rica
2012-12-01,25.47300000000001,Costa Rica
2012-01-01,2.477,Croatia
2012-02-01,-1.231999999999999,Croatia
2012-03-01,9.972,Croatia
2012-04-01,12.226,Croatia
2012-05-01,16.713,Croatia
2012-06-01,22.276,Croatia
2012-07-01,24.613000000000003,Croatia
2012-08-01,24.412,Croatia
2012-09-01,18.973,Croatia
2012-10-01,13.168,Croatia
2012-11-01,9.883,Croatia
2012-12-01,2.201,Croatia
2012-01-01,23.468000000000004,Cuba
2012-02-01,24.418000000000003,Cuba
2012-03-01,24.904,Cuba
2012-04-01,25.255,Cuba
2012-05-01,26.542,Cuba
2012-06-01,27.778,Cuba
2012-07-01,28.026,Cuba
2012-08-01,28.301,Cuba
2012-09-01,27.983,Cuba
2012-10-01,26.954,Cuba
2012-11-01,24.587,Cuba
2012-12-01,24.492,Cuba
2012-01-01,26.364,Curaçao
2012-02-01,26.567,Curaçao
2012-03-01,26.736,Curaçao
2012-04-01,27.306,Curaçao
2012-05-01,28.595,Curaçao
2012-06-01,29.09,Curaçao
2012-07-01,29.335,Curaçao
2012-08-01,29.354,Curaçao
2012-09-01,29.463,Curaçao
2012-10-01,28.591,Curaçao
2012-11-01,28.174000000000003,Curaçao
2012-12-01,27.061,Curaçao
2012-01-01,11.202,Cyprus
2012-02-01,11.042,Cyprus
2012-03-01,13.001,Cyprus
2012-04-01,17.59,Cyprus
2012-05-01,21.244,Cyprus
2012-06-01,25.563,Cyprus
2012-07-01,28.942,Cyprus
2012-08-01,28.773000000000003,Cyprus
2012-09-01,26.481,Cyprus
2012-10-01,23.179,Cyprus
2012-11-01,18.952,Cyprus
2012-12-01,14.175,Cyprus
2012-01-01,0.2810000000000001,Czechia
2012-02-01,-4.549,Czechia
2012-03-01,6.145,Czechia
2012-04-01,8.842,Czechia
2012-05-01,14.982,Czechia
2012-06-01,16.939999999999998,Czechia
2012-07-01,19.052,Czechia
2012-08-01,19.156,Czechia
2012-09-01,14.289,Czechia
2012-10-01,8.084999999999999,Czechia
2012-11-01,5.046,Czechia
2012-12-01,-1.138,Czechia
2012-01-01,2.424,Denmark (Europe)
2012-02-01,-0.216,Denmark (Europe)
2012-03-01,5.912000000000001,Denmark (Europe)
2012-04-01,6.537000000000001,Denmark (Europe)
2012-05-01,12.616,Denmark (Europe)
2012-06-01,13.265999999999998,Denmark (Europe)
2012-07-01,16.612000000000002,Denmark (Europe)
2012-08-01,17.223,Denmark (Europe)
2012-09-01,13.546,Denmark (Europe)
2012-10-01,8.862,Denmark (Europe)
2012-11-01,6.099,Denmark (Europe)
2012-12-01,0.1780000000000001,Denmark (Europe)
2012-01-01,-27.273000000000003,Denmark
2012-02-01,-28.514,Denmark
2012-03-01,-28.244,Denmark
2012-04-01,-20.064,Denmark
2012-05-01,-10.398,Denmark
2012-06-01,-2.907,Denmark
2012-07-01,0.6359999999999999,Denmark
2012-08-01,-1.869,Denmark
2012-09-01,-8.641,Denmark
2012-10-01,-17.445,Denmark
2012-11-01,-23.973000000000003,Denmark
2012-12-01,-26.439,Denmark
2012-01-01,25.527,Djibouti
2012-02-01,26.175,Djibouti
2012-03-01,27.445,Djibouti
2012-04-01,28.81600000000001,Djibouti
2012-05-01,30.668000000000003,Djibouti
2012-06-01,33.876999999999995,Djibouti
2012-07-01,34.827,Djibouti
2012-08-01,35.053000000000004,Djibouti
2012-09-01,32.899,Djibouti
2012-10-01,29.849,Djibouti
2012-11-01,27.531,Djibouti
2012-12-01,26.416,Djibouti
2012-01-01,25.56,Dominica
2012-02-01,25.365,Dominica
2012-03-01,25.765,Dominica
2012-04-01,26.389,Dominica
2012-05-01,27.248,Dominica
2012-06-01,28.638,Dominica
2012-07-01,28.374,Dominica
2012-08-01,28.179,Dominica
2012-09-01,28.270000000000003,Dominica
2012-10-01,27.835,Dominica
2012-11-01,27.567,Dominica
2012-12-01,26.158,Dominica
2012-01-01,24.326,Dominican Rep.
2012-02-01,24.688,Dominican Rep.
2012-03-01,24.998,Dominican Rep.
2012-04-01,25.372,Dominican Rep.
2012-05-01,26.75500000000001,Dominican Rep.
2012-06-01,27.907,Dominican Rep.
2012-07-01,28.049,Dominican Rep.
2012-08-01,28.023000000000003,Dominican Rep.
2012-09-01,27.242,Dominican Rep.
2012-10-01,26.801,Dominican Rep.
2012-11-01,26.51,Dominican Rep.
2012-12-01,25.41,Dominican Rep.
2012-01-01,22.176,Ecuador
2012-02-01,22.237,Ecuador
2012-03-01,22.759,Ecuador
2012-04-01,22.661,Ecuador
2012-05-01,22.954,Ecuador
2012-06-01,22.981,Ecuador
2012-07-01,22.087000000000003,Ecuador
2012-08-01,22.003,Ecuador
2012-09-01,22.12,Ecuador
2012-10-01,22.254,Ecuador
2012-11-01,22.686,Ecuador
2012-12-01,22.433000000000003,Ecuador
2012-01-01,12.489,Egypt
2012-02-01,15.536,Egypt
2012-03-01,18.045,Egypt
2012-04-01,24.626,Egypt
2012-05-01,28.515,Egypt
2012-06-01,31.200000000000006,Egypt
2012-07-01,31.642,Egypt
2012-08-01,31.297,Egypt
2012-09-01,28.853,Egypt
2012-10-01,26.466,Egypt
2012-11-01,21.105,Egypt
2012-12-01,15.477,Egypt
2012-01-01,24.833,El Salvador
2012-02-01,25.898000000000003,El Salvador
2012-03-01,26.644,El Salvador
2012-04-01,26.533,El Salvador
2012-05-01,26.345,El Salvador
2012-06-01,26.033,El Salvador
2012-07-01,25.678,El Salvador
2012-08-01,25.781,El Salvador
2012-09-01,25.46,El Salvador
2012-10-01,24.478,El Salvador
2012-11-01,24.373,El Salvador
2012-12-01,24.668000000000003,El Salvador
2012-01-01,26.216,Eq. Guinea
2012-02-01,25.971,Eq. Guinea
2012-03-01,27.106,Eq. Guinea
2012-04-01,26.548,Eq. Guinea
2012-05-01,25.982,Eq. Guinea
2012-06-01,25.061,Eq. Guinea
2012-07-01,23.863000000000003,Eq. Guinea
2012-08-01,24.39,Eq. Guinea
2012-09-01,24.88000000000001,Eq. Guinea
2012-10-01,25.047,Eq. Guinea
2012-11-01,25.453000000000007,Eq. Guinea
2012-12-01,25.925,Eq. Guinea
2012-01-01,23.988000000000003,Eritrea
2012-02-01,25.686,Eritrea
2012-03-01,26.769,Eritrea
2012-04-01,27.394,Eritrea
2012-05-01,29.949,Eritrea
2012-06-01,31.494,Eritrea
2012-07-01,30.233,Eritrea
2012-08-01,29.801,Eritrea
2012-09-01,29.261000000000006,Eritrea
2012-10-01,28.397,Eritrea
2012-11-01,26.593000000000004,Eritrea
2012-12-01,24.996,Eritrea
2012-01-01,-4.836,Estonia
2012-02-01,-9.498,Estonia
2012-03-01,-0.036,Estonia
2012-04-01,4.8900000000000015,Estonia
2012-05-01,11.796,Estonia
2012-06-01,13.914,Estonia
2012-07-01,18.625,Estonia
2012-08-01,16.003999999999998,Estonia
2012-09-01,13.015,Estonia
2012-10-01,6.224,Estonia
2012-11-01,2.749,Estonia
2012-12-01,-7.0150000000000015,Estonia
2012-01-01,22.259,Ethiopia
2012-02-01,23.809,Ethiopia
2012-03-01,24.215,Ethiopia
2012-04-01,24.517,Ethiopia
2012-05-01,24.812,Ethiopia
2012-06-01,25.559,Ethiopia
2012-07-01,24.123,Ethiopia
2012-08-01,24.69400000000001,Ethiopia
2012-09-01,24.247,Ethiopia
2012-10-01,23.654,Ethiopia
2012-11-01,23.096,Ethiopia
2012-12-01,22.729,Ethiopia
2012-01-01,-0.3540000000000001,Europe
2012-02-01,-3.343,Europe
2012-03-01,5.193,Europe
2012-04-01,7.881,Europe
2012-05-01,13.614,Europe
2012-06-01,16.675,Europe
2012-07-01,19.484,Europe
2012-08-01,19.079,Europe
2012-09-01,14.741,Europe
2012-10-01,9.406,Europe
2012-11-01,5.478,Europe
2012-12-01,-0.8990000000000001,Europe
2012-01-01,11.601,Falkland Is.
2012-02-01,8.898000000000003,Falkland Is.
2012-03-01,9.196000000000002,Falkland Is.
2012-04-01,6.155,Falkland Is.
2012-05-01,5.885,Falkland Is.
2012-06-01,3.28,Falkland Is.
2012-07-01,3.325,Falkland Is.
2012-08-01,5.885999999999999,Falkland Is.
2012-09-01,4.851999999999999,Falkland Is.
2012-10-01,6.332999999999999,Falkland Is.
2012-11-01,8.022,Falkland Is.
2012-12-01,7.050000000000002,Falkland Is.
2012-01-01,5.001,Faroe Islands
2012-02-01,6.143000000000002,Faroe Islands
2012-03-01,6.902,Faroe Islands
2012-04-01,4.452,Faroe Islands
2012-05-01,6.255999999999999,Faroe Islands
2012-06-01,7.367000000000001,Faroe Islands
2012-07-01,10.009,Faroe Islands
2012-08-01,11.491,Faroe Islands
2012-09-01,9.302,Faroe Islands
2012-10-01,7.2650000000000015,Faroe Islands
2012-11-01,5.726999999999999,Faroe Islands
2012-12-01,3.862,Faroe Islands
2012-01-01,27.657,Federated States Of Micronesia
2012-02-01,27.374,Federated States Of Micronesia
2012-03-01,27.779,Federated States Of Micronesia
2012-04-01,27.727,Federated States Of Micronesia
2012-05-01,27.53,Federated States Of Micronesia
2012-06-01,27.573,Federated States Of Micronesia
2012-07-01,27.635,Federated States Of Micronesia
2012-08-01,27.745,Federated States Of Micronesia
2012-09-01,27.841,Federated States Of Micronesia
2012-10-01,27.599,Federated States Of Micronesia
2012-11-01,27.931,Federated States Of Micronesia
2012-12-01,27.837,Federated States Of Micronesia
2012-01-01,26.517,Fiji
2012-02-01,26.478,Fiji
2012-03-01,27.094,Fiji
2012-04-01,25.966,Fiji
2012-05-01,24.967,Fiji
2012-06-01,24.28,Fiji
2012-07-01,24.095,Fiji
2012-08-01,24.076,Fiji
2012-09-01,24.402,Fiji
2012-10-01,25.261,Fiji
2012-11-01,25.743,Fiji
2012-12-01,26.860000000000007,Fiji
2012-01-01,-9.494,Finland
2012-02-01,-12.124,Finland
2012-03-01,-3.1060000000000003,Finland
2012-04-01,-0.0449999999999999,Finland
2012-05-01,7.749,Finland
2012-06-01,11.741,Finland
2012-07-01,15.686,Finland
2012-08-01,13.286,Finland
2012-09-01,8.996,Finland
2012-10-01,2.716,Finland
2012-11-01,-0.7739999999999996,Finland
2012-12-01,-11.744000000000002,Finland
2012-01-01,4.944,France (Europe)
2012-02-01,0.5810000000000004,France (Europe)
2012-03-01,9.355,France (Europe)
2012-04-01,9.127,France (Europe)
2012-05-01,14.684,France (Europe)
2012-06-01,16.875999999999998,France (Europe)
2012-07-01,18.709,France (Europe)
2012-08-01,20.633000000000003,France (Europe)
2012-09-01,15.964,France (Europe)
2012-10-01,12.122,France (Europe)
2012-11-01,7.742999999999999,France (Europe)
2012-12-01,5.242999999999999,France (Europe)
2012-01-01,8.391,France
2012-02-01,4.7730000000000015,France
2012-03-01,12.091,France
2012-04-01,11.867,France
2012-05-01,16.415,France
2012-06-01,18.199,France
2012-07-01,19.711,France
2012-08-01,21.327,France
2012-09-01,17.573,France
2012-10-01,14.465,France
2012-11-01,10.890999999999998,France
2012-12-01,8.783000000000001,France
2012-01-01,25.472,French Guiana
2012-02-01,25.164,French Guiana
2012-03-01,26.017,French Guiana
2012-04-01,26.049,French Guiana
2012-05-01,26.365,French Guiana
2012-06-01,26.448,French Guiana
2012-07-01,26.688,French Guiana
2012-08-01,27.157,French Guiana
2012-09-01,27.782,French Guiana
2012-10-01,27.91,French Guiana
2012-11-01,27.924,French Guiana
2012-12-01,26.9,French Guiana
2012-01-01,26.962,French Polynesia
2012-02-01,27.936,French Polynesia
2012-03-01,28.034,French Polynesia
2012-04-01,27.494,French Polynesia
2012-05-01,27.318,French Polynesia
2012-06-01,26.31,French Polynesia
2012-07-01,26.144,French Polynesia
2012-08-01,25.666,French Polynesia
2012-09-01,26.089,French Polynesia
2012-10-01,26.212,French Polynesia
2012-11-01,27.754,French Polynesia
2012-12-01,27.119,French Polynesia
2012-01-01,8.949,Fr. S. Antarctic Lands
2012-02-01,8.318999999999999,Fr. S. Antarctic Lands
2012-03-01,7.841,Fr. S. Antarctic Lands
2012-04-01,6.99,Fr. S. Antarctic Lands
2012-05-01,4.706,Fr. S. Antarctic Lands
2012-06-01,3.597,Fr. S. Antarctic Lands
2012-07-01,3.313,Fr. S. Antarctic Lands
2012-08-01,3.719,Fr. S. Antarctic Lands
2012-09-01,3.059,Fr. S. Antarctic Lands
2012-10-01,3.4290000000000003,Fr. S. Antarctic Lands
2012-11-01,4.799,Fr. S. Antarctic Lands
2012-12-01,7.657999999999999,Fr. S. Antarctic Lands
2012-01-01,25.137,Gabon
2012-02-01,24.996,Gabon
2012-03-01,26.291,Gabon
2012-04-01,25.962,Gabon
2012-05-01,25.437,Gabon
2012-06-01,24.096,Gabon
2012-07-01,23.042,Gabon
2012-08-01,23.652,Gabon
2012-09-01,24.492,Gabon
2012-10-01,24.895,Gabon
2012-11-01,24.999,Gabon
2012-12-01,24.981,Gabon
2012-01-01,25.095,Gambia
2012-02-01,26.388,Gambia
2012-03-01,29.327,Gambia
2012-04-01,30.399,Gambia
2012-05-01,30.938,Gambia
2012-06-01,30.244,Gambia
2012-07-01,28.329,Gambia
2012-08-01,27.682,Gambia
2012-09-01,27.687,Gambia
2012-10-01,28.983,Gambia
2012-11-01,29.018,Gambia
2012-12-01,25.53,Gambia
2012-01-01,10.087,Gaza Strip
2012-02-01,11.248,Gaza Strip
2012-03-01,13.59,Gaza Strip
2012-04-01,19.847,Gaza Strip
2012-05-01,23.338,Gaza Strip
2012-06-01,27.245,Gaza Strip
2012-07-01,29.492,Gaza Strip
2012-08-01,28.793000000000003,Gaza Strip
2012-09-01,27.087,Gaza Strip
2012-10-01,23.924,Gaza Strip
2012-11-01,18.794,Gaza Strip
2012-12-01,13.515999999999998,Gaza Strip
2012-01-01,-1.7539999999999998,Georgia
2012-02-01,-4.292,Georgia
2012-03-01,0.1009999999999999,Georgia
2012-04-01,11.357,Georgia
2012-05-01,14.953,Georgia
2012-06-01,18.608,Georgia
2012-07-01,20.086,Georgia
2012-08-01,20.832,Georgia
2012-09-01,17.237000000000002,Georgia
2012-10-01,13.144,Georgia
2012-11-01,6.9030000000000005,Georgia
2012-12-01,0.273,Georgia
2012-01-01,1.753,Germany
2012-02-01,-2.467,Germany
2012-03-01,7.115,Germany
2012-04-01,8.259,Germany
2012-05-01,14.474,Germany
2012-06-01,15.623,Germany
2012-07-01,17.834,Germany
2012-08-01,18.822,Germany
2012-09-01,14.03,Germany
2012-10-01,8.847000000000001,Germany
2012-11-01,5.22,Germany
2012-12-01,1.216,Germany
2012-01-01,27.256,Ghana
2012-02-01,28.585,Ghana
2012-03-01,29.999,Ghana
2012-04-01,29.004,Ghana
2012-05-01,27.786,Ghana
2012-06-01,26.891,Ghana
2012-07-01,25.629,Ghana
2012-08-01,25.249,Ghana
2012-09-01,25.879,Ghana
2012-10-01,26.624,Ghana
2012-11-01,27.795,Ghana
2012-12-01,26.657,Ghana
2012-01-01,3.982,Greece
2012-02-01,5.114000000000001,Greece
2012-03-01,10.188,Greece
2012-04-01,14.485,Greece
2012-05-01,18.484,Greece
2012-06-01,24.049,Greece
2012-07-01,27.565,Greece
2012-08-01,27.001,Greece
2012-09-01,22.632,Greece
2012-10-01,18.649,Greece
2012-11-01,13.49,Greece
2012-12-01,6.835,Greece
2012-01-01,-27.88,Greenland
2012-02-01,-29.103,Greenland
2012-03-01,-28.943,Greenland
2012-04-01,-20.614,Greenland
2012-05-01,-10.866,Greenland
2012-06-01,-3.2430000000000003,Greenland
2012-07-01,0.3050000000000001,Greenland
2012-08-01,-2.263,Greenland
2012-09-01,-9.098,Greenland
2012-10-01,-17.988,Greenland
2012-11-01,-24.594,Greenland
2012-12-01,-26.98,Greenland
2012-01-01,26.534,Grenada
2012-02-01,26.399,Grenada
2012-03-01,26.73,Grenada
2012-04-01,27.173,Grenada
2012-05-01,27.717,Grenada
2012-06-01,28.146,Grenada
2012-07-01,28.045,Grenada
2012-08-01,28.319000000000003,Grenada
2012-09-01,28.66,Grenada
2012-10-01,28.384,Grenada
2012-11-01,28.296,Grenada
2012-12-01,27.234,Grenada
2012-01-01,25.564,Guadeloupe
2012-02-01,25.543000000000003,Guadeloupe
2012-03-01,25.892,Guadeloupe
2012-04-01,26.498,Guadeloupe
2012-05-01,27.323,Guadeloupe
2012-06-01,28.763,Guadeloupe
2012-07-01,28.742,Guadeloupe
2012-08-01,28.693,Guadeloupe
2012-09-01,28.69,Guadeloupe
2012-10-01,28.10100000000001,Guadeloupe
2012-11-01,27.75,Guadeloupe
2012-12-01,26.26,Guadeloupe
2012-01-01,26.266,Guam
2012-02-01,26.599,Guam
2012-03-01,26.902,Guam
2012-04-01,27.5,Guam
2012-05-01,28.015,Guam
2012-06-01,27.997,Guam
2012-07-01,27.797,Guam
2012-08-01,27.146,Guam
2012-09-01,27.753,Guam
2012-10-01,27.289,Guam
2012-11-01,28.079,Guam
2012-12-01,27.356,Guam
2012-01-01,21.803,Guatemala
2012-02-01,22.957,Guatemala
2012-03-01,23.793000000000003,Guatemala
2012-04-01,24.924,Guatemala
2012-05-01,25.657,Guatemala
2012-06-01,25.17,Guatemala
2012-07-01,24.643,Guatemala
2012-08-01,24.662,Guatemala
2012-09-01,24.753,Guatemala
2012-10-01,23.381,Guatemala
2012-11-01,22.346,Guatemala
2012-12-01,22.089,Guatemala
2012-01-01,8.622,Guernsey
2012-02-01,5.726,Guernsey
2012-03-01,9.399,Guernsey
2012-04-01,8.696,Guernsey
2012-05-01,12.146,Guernsey
2012-06-01,13.557,Guernsey
2012-07-01,15.59,Guernsey
2012-08-01,18.03,Guernsey
2012-09-01,15.195,Guernsey
2012-10-01,13.192,Guernsey
2012-11-01,10.207,Guernsey
2012-12-01,9.372,Guernsey
2012-01-01,25.395,Guinea-Bissau
2012-02-01,26.701,Guinea-Bissau
2012-03-01,29.098000000000003,Guinea-Bissau
2012-04-01,29.488000000000003,Guinea-Bissau
2012-05-01,29.407,Guinea-Bissau
2012-06-01,28.581,Guinea-Bissau
2012-07-01,26.598000000000003,Guinea-Bissau
2012-08-01,26.527,Guinea-Bissau
2012-09-01,26.253,Guinea-Bissau
2012-10-01,27.575000000000006,Guinea-Bissau
2012-11-01,28.259,Guinea-Bissau
2012-12-01,25.896,Guinea-Bissau
2012-01-01,24.612,Guinea
2012-02-01,26.231,Guinea
2012-03-01,28.718000000000004,Guinea
2012-04-01,28.727,Guinea
2012-05-01,27.84,Guinea
2012-06-01,26.008000000000003,Guinea
2012-07-01,24.835,Guinea
2012-08-01,24.885,Guinea
2012-09-01,24.645,Guinea
2012-10-01,24.868,Guinea
2012-11-01,26.487,Guinea
2012-12-01,24.902,Guinea
2012-01-01,25.911,Guyana
2012-02-01,25.902,Guyana
2012-03-01,26.585,Guyana
2012-04-01,26.431,Guyana
2012-05-01,26.537,Guyana
2012-06-01,26.401,Guyana
2012-07-01,26.154,Guyana
2012-08-01,26.927000000000003,Guyana
2012-09-01,27.863000000000003,Guyana
2012-10-01,27.843000000000004,Guyana
2012-11-01,28.01,Guyana
2012-12-01,27.038,Guyana
2012-01-01,25.326,Haiti
2012-02-01,25.666,Haiti
2012-03-01,25.794,Haiti
2012-04-01,25.74,Haiti
2012-05-01,27.302000000000003,Haiti
2012-06-01,28.579,Haiti
2012-07-01,28.984,Haiti
2012-08-01,28.77,Haiti
2012-09-01,27.843000000000004,Haiti
2012-10-01,27.298,Haiti
2012-11-01,26.994,Haiti
2012-12-01,26.245,Haiti
2012-01-01,5.334,Heard Island And Mcdonald Islands
2012-02-01,5.158,Heard Island And Mcdonald Islands
2012-03-01,4.947,Heard Island And Mcdonald Islands
2012-04-01,4.602,Heard Island And Mcdonald Islands
2012-05-01,2.767,Heard Island And Mcdonald Islands
2012-06-01,2.3760000000000003,Heard Island And Mcdonald Islands
2012-07-01,1.108,Heard Island And Mcdonald Islands
2012-08-01,1.356,Heard Island And Mcdonald Islands
2012-09-01,0.989,Heard Island And Mcdonald Islands
2012-10-01,1.346,Heard Island And Mcdonald Islands
2012-11-01,2.285,Heard Island And Mcdonald Islands
2012-12-01,4.417,Heard Island And Mcdonald Islands
2012-01-01,23.646,Honduras
2012-02-01,24.71,Honduras
2012-03-01,26.091,Honduras
2012-04-01,26.872,Honduras
2012-05-01,26.847,Honduras
2012-06-01,26.467,Honduras
2012-07-01,25.695,Honduras
2012-08-01,25.892,Honduras
2012-09-01,25.874,Honduras
2012-10-01,24.596,Honduras
2012-11-01,23.025,Honduras
2012-12-01,23.412,Honduras
2012-01-01,14.428,Hong Kong
2012-02-01,15.935,Hong Kong
2012-03-01,19.192,Hong Kong
2012-04-01,23.749,Hong Kong
2012-05-01,27.195,Hong Kong
2012-06-01,27.89,Hong Kong
2012-07-01,28.663,Hong Kong
2012-08-01,28.687,Hong Kong
2012-09-01,27.56,Hong Kong
2012-10-01,25.261,Hong Kong
2012-11-01,22.084,Hong Kong
2012-12-01,17.96,Hong Kong
2012-01-01,0.5640000000000001,Hungary
2012-02-01,-4.117,Hungary
2012-03-01,7.626,Hungary
2012-04-01,11.937,Hungary
2012-05-01,16.872,Hungary
2012-06-01,21.086,Hungary
2012-07-01,23.47,Hungary
2012-08-01,22.685,Hungary
2012-09-01,18.012999999999998,Hungary
2012-10-01,10.992,Hungary
2012-11-01,7.228,Hungary
2012-12-01,-0.8320000000000001,Hungary
2012-01-01,-1.6929999999999998,Iceland
2012-02-01,0.004,Iceland
2012-03-01,0.5430000000000001,Iceland
2012-04-01,0.128,Iceland
2012-05-01,3.277,Iceland
2012-06-01,6.546,Iceland
2012-07-01,9.435,Iceland
2012-08-01,9.323,Iceland
2012-09-01,4.798,Iceland
2012-10-01,1.1960000000000002,Iceland
2012-11-01,-1.761,Iceland
2012-12-01,-2.2350000000000003,Iceland
2012-01-01,16.778000000000002,India
2012-02-01,19.791,India
2012-03-01,24.354,India
2012-04-01,28.067,India
2012-05-01,30.805,India
2012-06-01,30.536,India
2012-07-01,27.699,India
2012-08-01,26.735,India
2012-09-01,26.551,India
2012-10-01,24.59,India
2012-11-01,21.162,India
2012-12-01,18.622,India
2012-01-01,26.145,Indonesia
2012-02-01,26.152,Indonesia
2012-03-01,26.285,Indonesia
2012-04-01,26.359,Indonesia
2012-05-01,26.64,Indonesia
2012-06-01,26.312,Indonesia
2012-07-01,25.802,Indonesia
2012-08-01,26.065,Indonesia
2012-09-01,26.433000000000003,Indonesia
2012-10-01,26.595,Indonesia
2012-11-01,26.651,Indonesia
2012-12-01,26.426,Indonesia
2012-01-01,6.127999999999999,Iran
2012-02-01,6.446000000000001,Iran
2012-03-01,11.906,Iran
2012-04-01,19.141,Iran
2012-05-01,25.398000000000003,Iran
2012-06-01,28.507,Iran
2012-07-01,31.14,Iran
2012-08-01,30.041,Iran
2012-09-01,26.007,Iran
2012-10-01,20.456,Iran
2012-11-01,14.050999999999998,Iran
2012-12-01,8.295,Iran
2012-01-01,9.0,Iraq
2012-02-01,10.718,Iraq
2012-03-01,14.23,Iraq
2012-04-01,23.793000000000003,Iraq
2012-05-01,29.74,Iraq
2012-06-01,34.639,Iraq
2012-07-01,36.398,Iraq
2012-08-01,35.66900000000001,Iraq
2012-09-01,31.749,Iraq
2012-10-01,25.55,Iraq
2012-11-01,17.814,Iraq
2012-12-01,11.847,Iraq
2012-01-01,6.987,Ireland
2012-02-01,7.435,Ireland
2012-03-01,9.067,Ireland
2012-04-01,7.627999999999999,Ireland
2012-05-01,11.415,Ireland
2012-06-01,12.970999999999998,Ireland
2012-07-01,14.338,Ireland
2012-08-01,15.743,Ireland
2012-09-01,12.749,Ireland
2012-10-01,9.242,Ireland
2012-11-01,6.827000000000001,Ireland
2012-12-01,6.028,Ireland
2012-01-01,7.229,Isle Of Man
2012-02-01,5.954,Isle Of Man
2012-03-01,8.594,Isle Of Man
2012-04-01,6.796,Isle Of Man
2012-05-01,10.268,Isle Of Man
2012-06-01,11.314,Isle Of Man
2012-07-01,13.423,Isle Of Man
2012-08-01,15.538,Isle Of Man
2012-09-01,13.076,Isle Of Man
2012-10-01,10.302,Isle Of Man
2012-11-01,8.959999999999997,Isle Of Man
2012-12-01,7.465,Isle Of Man
2012-01-01,10.767,Israel
2012-02-01,12.046,Israel
2012-03-01,14.268,Israel
2012-04-01,20.282,Israel
2012-05-01,23.85,Israel
2012-06-01,27.362,Israel
2012-07-01,29.583,Israel
2012-08-01,28.955,Israel
2012-09-01,27.232,Israel
2012-10-01,24.231,Israel
2012-11-01,19.342,Israel
2012-12-01,14.155,Israel
2012-01-01,4.871,Italy
2012-02-01,3.0189999999999992,Italy
2012-03-01,10.726,Italy
2012-04-01,11.871,Italy
2012-05-01,16.125999999999998,Italy
2012-06-01,21.414,Italy
2012-07-01,24.049,Italy
2012-08-01,24.623,Italy
2012-09-01,19.641,Italy
2012-10-01,15.344,Italy
2012-11-01,11.524,Italy
2012-12-01,5.74,Italy
2012-01-01,25.281,Jamaica
2012-02-01,25.671000000000006,Jamaica
2012-03-01,26.023000000000003,Jamaica
2012-04-01,26.267,Jamaica
2012-05-01,27.333,Jamaica
2012-06-01,28.145,Jamaica
2012-07-01,28.358,Jamaica
2012-08-01,28.211,Jamaica
2012-09-01,27.904000000000003,Jamaica
2012-10-01,27.091,Jamaica
2012-11-01,26.336,Jamaica
2012-12-01,26.001,Jamaica
2012-01-01,0.6279999999999999,Japan
2012-02-01,0.7040000000000001,Japan
2012-03-01,4.944,Japan
2012-04-01,10.693,Japan
2012-05-01,15.587,Japan
2012-06-01,18.707,Japan
2012-07-01,23.651,Japan
2012-08-01,25.703000000000003,Japan
2012-09-01,22.933000000000003,Japan
2012-10-01,15.698,Japan
2012-11-01,8.982999999999997,Japan
2012-12-01,2.5569999999999995,Japan
2012-01-01,8.622,Jersey
2012-02-01,5.726,Jersey
2012-03-01,9.399,Jersey
2012-04-01,8.696,Jersey
2012-05-01,12.146,Jersey
2012-06-01,13.557,Jersey
2012-07-01,15.59,Jersey
2012-08-01,18.03,Jersey
2012-09-01,15.195,Jersey
2012-10-01,13.192,Jersey
2012-11-01,10.207,Jersey
2012-12-01,9.372,Jersey
2012-01-01,8.667,Jordan
2012-02-01,10.63,Jordan
2012-03-01,13.453,Jordan
2012-04-01,21.134,Jordan
2012-05-01,25.06600000000001,Jordan
2012-06-01,29.182,Jordan
2012-07-01,30.971,Jordan
2012-08-01,29.866,Jordan
2012-09-01,27.795,Jordan
2012-10-01,23.628,Jordan
2012-11-01,17.467,Jordan
2012-12-01,11.984000000000002,Jordan
2012-01-01,-15.387,Kazakhstan
2012-02-01,-17.305,Kazakhstan
2012-03-01,-3.474,Kazakhstan
2012-04-01,13.799,Kazakhstan
2012-05-01,17.964000000000002,Kazakhstan
2012-06-01,23.275,Kazakhstan
2012-07-01,25.004,Kazakhstan
2012-08-01,23.291,Kazakhstan
2012-09-01,15.342,Kazakhstan
2012-10-01,7.912000000000001,Kazakhstan
2012-11-01,-2.4130000000000003,Kazakhstan
2012-12-01,-15.102999999999998,Kazakhstan
2012-01-01,25.372,Kenya
2012-02-01,26.082,Kenya
2012-03-01,26.59800000000001,Kenya
2012-04-01,25.478,Kenya
2012-05-01,24.745,Kenya
2012-06-01,24.037,Kenya
2012-07-01,23.456,Kenya
2012-08-01,23.908,Kenya
2012-09-01,24.576,Kenya
2012-10-01,24.895,Kenya
2012-11-01,25.192,Kenya
2012-12-01,24.766,Kenya
2012-01-01,26.961,Kingman Reef
2012-02-01,27.158,Kingman Reef
2012-03-01,27.289,Kingman Reef
2012-04-01,27.698,Kingman Reef
2012-05-01,27.857,Kingman Reef
2012-06-01,27.845,Kingman Reef
2012-07-01,27.78,Kingman Reef
2012-08-01,28.19100000000001,Kingman Reef
2012-09-01,27.974,Kingman Reef
2012-10-01,28.015,Kingman Reef
2012-11-01,27.983,Kingman Reef
2012-12-01,27.402,Kingman Reef
2012-01-01,26.302,Kiribati
2012-02-01,26.605,Kiribati
2012-03-01,26.903,Kiribati
2012-04-01,27.362,Kiribati
2012-05-01,27.898000000000003,Kiribati
2012-06-01,27.843000000000004,Kiribati
2012-07-01,27.688,Kiribati
2012-08-01,27.83,Kiribati
2012-09-01,27.661,Kiribati
2012-10-01,27.759,Kiribati
2012-11-01,27.538,Kiribati
2012-12-01,26.673,Kiribati
2012-01-01,13.0,Kuwait
2012-02-01,14.724,Kuwait
2012-03-01,18.321,Kuwait
2012-04-01,26.141,Kuwait
2012-05-01,33.489000000000004,Kuwait
2012-06-01,36.956,Kuwait
2012-07-01,38.84200000000001,Kuwait
2012-08-01,38.02,Kuwait
2012-09-01,33.848,Kuwait
2012-10-01,29.082,Kuwait
2012-11-01,21.5,Kuwait
2012-12-01,16.184,Kuwait
2012-01-01,-14.15,Kyrgyzstan
2012-02-01,-12.174,Kyrgyzstan
2012-03-01,-3.147,Kyrgyzstan
2012-04-01,8.761000000000001,Kyrgyzstan
2012-05-01,11.534,Kyrgyzstan
2012-06-01,15.458,Kyrgyzstan
2012-07-01,17.323,Kyrgyzstan
2012-08-01,17.532,Kyrgyzstan
2012-09-01,11.941,Kyrgyzstan
2012-10-01,5.045,Kyrgyzstan
2012-11-01,-3.523,Kyrgyzstan
2012-12-01,-11.677,Kyrgyzstan
2012-01-01,19.643,Laos
2012-02-01,21.904,Laos
2012-03-01,24.011,Laos
2012-04-01,26.577,Laos
2012-05-01,27.308000000000003,Laos
2012-06-01,27.5,Laos
2012-07-01,26.972,Laos
2012-08-01,26.824,Laos
2012-09-01,26.279,Laos
2012-10-01,25.302,Laos
2012-11-01,24.652,Laos
2012-12-01,21.92,Laos
2012-01-01,-4.317,Latvia
2012-02-01,-9.349,Latvia
2012-03-01,0.8660000000000001,Latvia
2012-04-01,6.323,Latvia
2012-05-01,12.628,Latvia
2012-06-01,14.66,Latvia
2012-07-01,18.943,Latvia
2012-08-01,16.400000000000002,Latvia
2012-09-01,13.195,Latvia
2012-10-01,6.44,Latvia
2012-11-01,2.989,Latvia
2012-12-01,-6.258000000000001,Latvia
2012-01-01,8.676,Lebanon
2012-02-01,9.227,Lebanon
2012-03-01,11.598,Lebanon
2012-04-01,18.179,Lebanon
2012-05-01,21.524,Lebanon
2012-06-01,25.857,Lebanon
2012-07-01,28.218000000000004,Lebanon
2012-08-01,27.564,Lebanon
2012-09-01,25.863000000000003,Lebanon
2012-10-01,22.25500000000001,Lebanon
2012-11-01,17.055999999999997,Lebanon
2012-12-01,11.852,Lebanon
2012-01-01,20.445,Lesotho
2012-02-01,19.883000000000006,Lesotho
2012-03-01,17.764,Lesotho
2012-04-01,12.62,Lesotho
2012-05-01,11.43,Lesotho
2012-06-01,7.46,Lesotho
2012-07-01,7.314,Lesotho
2012-08-01,10.684,Lesotho
2012-09-01,12.472,Lesotho
2012-10-01,15.856,Lesotho
2012-11-01,17.997,Lesotho
2012-12-01,18.713,Lesotho
2012-01-01,25.79,Liberia
2012-02-01,26.357000000000006,Liberia
2012-03-01,27.456,Liberia
2012-04-01,26.952,Liberia
2012-05-01,26.459,Liberia
2012-06-01,25.463,Liberia
2012-07-01,24.778,Liberia
2012-08-01,24.945,Liberia
2012-09-01,25.253,Liberia
2012-10-01,25.456,Liberia
2012-11-01,26.713,Liberia
2012-12-01,26.325,Liberia
2012-01-01,12.028,Libya
2012-02-01,14.064,Libya
2012-03-01,17.412,Libya
2012-04-01,25.268,Libya
2012-05-01,28.385,Libya
2012-06-01,30.59,Libya
2012-07-01,31.051,Libya
2012-08-01,30.556,Libya
2012-09-01,28.936,Libya
2012-10-01,26.033,Libya
2012-11-01,20.609,Libya
2012-12-01,14.316,Libya
2012-01-01,-3.04,Liechtenstein
2012-02-01,-7.55,Liechtenstein
2012-03-01,3.746,Liechtenstein
2012-04-01,5.25,Liechtenstein
2012-05-01,10.76,Liechtenstein
2012-06-01,13.819,Liechtenstein
2012-07-01,14.918,Liechtenstein
2012-08-01,15.96,Liechtenstein
2012-09-01,10.977,Liechtenstein
2012-10-01,6.0790000000000015,Liechtenstein
2012-11-01,2.42,Liechtenstein
2012-12-01,-2.826,Liechtenstein
2012-01-01,-3.4350000000000005,Lithuania
2012-02-01,-8.993,Lithuania
2012-03-01,1.7789999999999997,Lithuania
2012-04-01,7.305,Lithuania
2012-05-01,13.317,Lithuania
2012-06-01,14.845,Lithuania
2012-07-01,19.224,Lithuania
2012-08-01,16.842,Lithuania
2012-09-01,13.601,Lithuania
2012-10-01,7.069,Lithuania
2012-11-01,4.142,Lithuania
2012-12-01,-5.013,Lithuania
2012-01-01,3.678,Luxembourg
2012-02-01,-0.8989999999999998,Luxembourg
2012-03-01,8.466999999999999,Luxembourg
2012-04-01,8.331,Luxembourg
2012-05-01,14.622,Luxembourg
2012-06-01,15.486,Luxembourg
2012-07-01,17.773,Luxembourg
2012-08-01,19.398,Luxembourg
2012-09-01,14.302,Luxembourg
2012-10-01,10.111,Luxembourg
2012-11-01,6.2360000000000015,Luxembourg
2012-12-01,3.806,Luxembourg
2012-01-01,13.568,Macau
2012-02-01,15.242,Macau
2012-03-01,18.728,Macau
2012-04-01,23.638,Macau
2012-05-01,27.381,Macau
2012-06-01,27.994,Macau
2012-07-01,28.662,Macau
2012-08-01,28.759,Macau
2012-09-01,27.465,Macau
2012-10-01,25.093000000000004,Macau
2012-11-01,21.72600000000001,Macau
2012-12-01,17.49,Macau
2012-01-01,-2.412,Macedonia
2012-02-01,-2.267,Macedonia
2012-03-01,6.696000000000001,Macedonia
2012-04-01,11.056,Macedonia
2012-05-01,15.067,Macedonia
2012-06-01,21.281,Macedonia
2012-07-01,24.507,Macedonia
2012-08-01,23.688,Macedonia
2012-09-01,19.061,Macedonia
2012-10-01,13.720999999999998,Macedonia
2012-11-01,8.146,Macedonia
2012-12-01,-0.0889999999999999,Macedonia
2012-01-01,24.865,Madagascar
2012-02-01,25.573,Madagascar
2012-03-01,24.959000000000003,Madagascar
2012-04-01,23.913,Madagascar
2012-05-01,22.203000000000003,Madagascar
2012-06-01,20.533,Madagascar
2012-07-01,19.51,Madagascar
2012-08-01,20.822,Madagascar
2012-09-01,22.47,Madagascar
2012-10-01,24.072000000000006,Madagascar
2012-11-01,25.342,Madagascar
2012-12-01,25.642,Madagascar
2012-01-01,22.901,Malawi
2012-02-01,23.494,Malawi
2012-03-01,23.083,Malawi
2012-04-01,21.125,Malawi
2012-05-01,20.574,Malawi
2012-06-01,18.559,Malawi
2012-07-01,18.068,Malawi
2012-08-01,19.575,Malawi
2012-09-01,22.57,Malawi
2012-10-01,23.531,Malawi
2012-11-01,24.901,Malawi
2012-12-01,24.268,Malawi
2012-01-01,26.005,Malaysia
2012-02-01,26.368,Malaysia
2012-03-01,26.521,Malaysia
2012-04-01,26.72600000000001,Malaysia
2012-05-01,27.227,Malaysia
2012-06-01,27.27,Malaysia
2012-07-01,26.515,Malaysia
2012-08-01,26.889,Malaysia
2012-09-01,26.752,Malaysia
2012-10-01,26.416,Malaysia
2012-11-01,26.47,Malaysia
2012-12-01,26.314,Malaysia
2012-01-01,20.445,Mali
2012-02-01,23.358,Mali
2012-03-01,27.515,Mali
2012-04-01,31.627,Mali
2012-05-01,34.89,Mali
2012-06-01,33.756,Mali
2012-07-01,31.416,Mali
2012-08-01,30.129,Mali
2012-09-01,29.46,Mali
2012-10-01,29.997,Mali
2012-11-01,28.077,Mali
2012-12-01,22.552,Mali
2012-01-01,12.702,Malta
2012-02-01,10.987,Malta
2012-03-01,13.956,Malta
2012-04-01,16.567999999999998,Malta
2012-05-01,19.685,Malta
2012-06-01,24.708,Malta
2012-07-01,27.719,Malta
2012-08-01,28.514,Malta
2012-09-01,25.564,Malta
2012-10-01,23.163,Malta
2012-11-01,19.759,Malta
2012-12-01,14.625,Malta
2012-01-01,25.56,Martinique
2012-02-01,25.365,Martinique
2012-03-01,25.765,Martinique
2012-04-01,26.389,Martinique
2012-05-01,27.248,Martinique
2012-06-01,28.638,Martinique
2012-07-01,28.374,Martinique
2012-08-01,28.179,Martinique
2012-09-01,28.270000000000003,Martinique
2012-10-01,27.835,Martinique
2012-11-01,27.567,Martinique
2012-12-01,26.158,Martinique
2012-01-01,19.517,Mauritania
2012-02-01,20.501,Mauritania
2012-03-01,25.762,Mauritania
2012-04-01,28.302,Mauritania
2012-05-01,33.639,Mauritania
2012-06-01,34.143,Mauritania
2012-07-01,33.278,Mauritania
2012-08-01,32.129,Mauritania
2012-09-01,31.545,Mauritania
2012-10-01,30.271,Mauritania
2012-11-01,26.844,Mauritania
2012-12-01,20.391,Mauritania
2012-01-01,26.432,Mauritius
2012-02-01,27.198,Mauritius
2012-03-01,26.244,Mauritius
2012-04-01,25.705,Mauritius
2012-05-01,23.921,Mauritius
2012-06-01,22.474,Mauritius
2012-07-01,22.033,Mauritius
2012-08-01,22.046,Mauritius
2012-09-01,22.079,Mauritius
2012-10-01,23.042,Mauritius
2012-11-01,24.875,Mauritius
2012-12-01,26.439,Mauritius
2012-01-01,27.253,Mayotte
2012-02-01,27.553,Mayotte
2012-03-01,27.638,Mayotte
2012-04-01,27.92,Mayotte
2012-05-01,27.426,Mayotte
2012-06-01,26.309,Mayotte
2012-07-01,25.533,Mayotte
2012-08-01,25.612,Mayotte
2012-09-01,26.186,Mayotte
2012-10-01,26.678,Mayotte
2012-11-01,27.657,Mayotte
2012-12-01,27.875,Mayotte
2012-01-01,16.185,Mexico
2012-02-01,16.951,Mexico
2012-03-01,19.947000000000006,Mexico
2012-04-01,22.474,Mexico
2012-05-01,24.957,Mexico
2012-06-01,26.097,Mexico
2012-07-01,25.298,Mexico
2012-08-01,25.681,Mexico
2012-09-01,24.224,Mexico
2012-10-01,22.289,Mexico
2012-11-01,19.107,Mexico
2012-12-01,16.619,Mexico
2012-01-01,-3.031,Moldova
2012-02-01,-8.23,Moldova
2012-03-01,3.85,Moldova
2012-04-01,12.285,Moldova
2012-05-01,18.411,Moldova
2012-06-01,22.294,Moldova
2012-07-01,25.231,Moldova
2012-08-01,22.626,Moldova
2012-09-01,18.386000000000006,Moldova
2012-10-01,12.354,Moldova
2012-11-01,6.005000000000001,Moldova
2012-12-01,-3.13,Moldova
2012-01-01,1.918,Monaco
2012-02-01,-0.8660000000000003,Monaco
2012-03-01,7.9700000000000015,Monaco
2012-04-01,8.546,Monaco
2012-05-01,13.191,Monaco
2012-06-01,17.189999999999998,Monaco
2012-07-01,19.774,Monaco
2012-08-01,20.91,Monaco
2012-09-01,15.451,Monaco
2012-10-01,10.758,Monaco
2012-11-01,6.289,Monaco
2012-12-01,1.853,Monaco
2012-01-01,-24.365,Mongolia
2012-02-01,-19.689,Mongolia
2012-03-01,-8.561,Mongolia
2012-04-01,3.832,Mongolia
2012-05-01,11.456,Mongolia
2012-06-01,16.807000000000002,Mongolia
2012-07-01,18.733,Mongolia
2012-08-01,16.495,Mongolia
2012-09-01,10.548000000000002,Mongolia
2012-10-01,0.466,Mongolia
2012-11-01,-11.417,Mongolia
2012-12-01,-21.46,Mongolia
2012-01-01,-0.7799999999999999,Montenegro
2012-02-01,-2.518,Montenegro
2012-03-01,7.371,Montenegro
2012-04-01,10.323,Montenegro
2012-05-01,14.822,Montenegro
2012-06-01,21.182,Montenegro
2012-07-01,24.234,Montenegro
2012-08-01,23.44,Montenegro
2012-09-01,18.692,Montenegro
2012-10-01,12.868,Montenegro
2012-11-01,8.48,Montenegro
2012-12-01,0.268,Montenegro
2012-01-01,25.557,Montserrat
2012-02-01,25.583,Montserrat
2012-03-01,25.929,Montserrat
2012-04-01,26.528,Montserrat
2012-05-01,27.334000000000003,Montserrat
2012-06-01,28.785,Montserrat
2012-07-01,28.842,Montserrat
2012-08-01,28.818,Montserrat
2012-09-01,28.797,Montserrat
2012-10-01,28.168000000000003,Montserrat
2012-11-01,27.803,Montserrat
2012-12-01,26.278,Montserrat
2012-01-01,9.462000000000002,Morocco
2012-02-01,9.324,Morocco
2012-03-01,14.943,Morocco
2012-04-01,15.681,Morocco
2012-05-01,22.461,Morocco
2012-06-01,25.535,Morocco
2012-07-01,28.392,Morocco
2012-08-01,28.125,Morocco
2012-09-01,24.072,Morocco
2012-10-01,19.978,Morocco
2012-11-01,15.136,Morocco
2012-12-01,10.916,Morocco
2012-01-01,25.685,Mozambique
2012-02-01,26.371,Mozambique
2012-03-01,25.72,Mozambique
2012-04-01,23.287,Mozambique
2012-05-01,22.559,Mozambique
2012-06-01,20.695,Mozambique
2012-07-01,19.984,Mozambique
2012-08-01,21.456,Mozambique
2012-09-01,24.164,Mozambique
2012-10-01,25.16,Mozambique
2012-11-01,26.411,Mozambique
2012-12-01,26.623,Mozambique
2012-01-01,24.222,Namibia
2012-02-01,22.96,Namibia
2012-03-01,23.352,Namibia
2012-04-01,20.599,Namibia
2012-05-01,17.727999999999994,Namibia
2012-06-01,14.933,Namibia
2012-07-01,14.798,Namibia
2012-08-01,17.846999999999994,Namibia
2012-09-01,19.859,Namibia
2012-10-01,22.795,Namibia
2012-11-01,25.18,Namibia
2012-12-01,25.267,Namibia
2012-01-01,5.207999999999999,Nepal
2012-02-01,8.964,Nepal
2012-03-01,13.124,Nepal
2012-04-01,17.26,Nepal
2012-05-01,21.106,Nepal
2012-06-01,23.44,Nepal
2012-07-01,20.975,Nepal
2012-08-01,21.051,Nepal
2012-09-01,19.966,Nepal
2012-10-01,15.500000000000002,Nepal
2012-11-01,10.748,Nepal
2012-12-01,7.696000000000001,Nepal
2012-01-01,4.388,Netherlands (Europe)
2012-02-01,0.3990000000000001,Netherlands (Europe)
2012-03-01,7.762,Netherlands (Europe)
2012-04-01,7.952000000000001,Netherlands (Europe)
2012-05-01,13.882,Netherlands (Europe)
2012-06-01,14.508,Netherlands (Europe)
2012-07-01,17.19,Netherlands (Europe)
2012-08-01,18.618,Netherlands (Europe)
2012-09-01,14.39,Netherlands (Europe)
2012-10-01,10.446,Netherlands (Europe)
2012-11-01,6.715,Netherlands (Europe)
2012-12-01,4.313,Netherlands (Europe)
2012-01-01,4.859,Netherlands
2012-02-01,0.9690000000000004,Netherlands
2012-03-01,8.172,Netherlands
2012-04-01,8.373000000000001,Netherlands
2012-05-01,14.2,Netherlands
2012-06-01,14.827,Netherlands
2012-07-01,17.456000000000003,Netherlands
2012-08-01,18.848,Netherlands
2012-09-01,14.720999999999998,Netherlands
2012-10-01,10.843,Netherlands
2012-11-01,7.182,Netherlands
2012-12-01,4.808,Netherlands
2012-01-01,25.63000000000001,New Caledonia
2012-02-01,26.341,New Caledonia
2012-03-01,25.95,New Caledonia
2012-04-01,24.428,New Caledonia
2012-05-01,22.681,New Caledonia
2012-06-01,21.999,New Caledonia
2012-07-01,21.007,New Caledonia
2012-08-01,20.167,New Caledonia
2012-09-01,20.713,New Caledonia
2012-10-01,21.995,New Caledonia
2012-11-01,22.87,New Caledonia
2012-12-01,24.78,New Caledonia
2012-01-01,14.968,New Zealand
2012-02-01,15.077,New Zealand
2012-03-01,13.199000000000002,New Zealand
2012-04-01,11.7,New Zealand
2012-05-01,8.39,New Zealand
2012-06-01,5.837999999999999,New Zealand
2012-07-01,6.029999999999999,New Zealand
2012-08-01,7.462000000000001,New Zealand
2012-09-01,8.987,New Zealand
2012-10-01,9.913,New Zealand
2012-11-01,11.271,New Zealand
2012-12-01,15.048,New Zealand
2012-01-01,25.204,Nicaragua
2012-02-01,26.114,Nicaragua
2012-03-01,27.221,Nicaragua
2012-04-01,27.813,Nicaragua
2012-05-01,27.8,Nicaragua
2012-06-01,27.375,Nicaragua
2012-07-01,26.761,Nicaragua
2012-08-01,26.993,Nicaragua
2012-09-01,26.776,Nicaragua
2012-10-01,25.763,Nicaragua
2012-11-01,25.063,Nicaragua
2012-12-01,25.5,Nicaragua
2012-01-01,19.316,Niger
2012-02-01,24.246,Niger
2012-03-01,25.685,Niger
2012-04-01,32.734,Niger
2012-05-01,34.339,Niger
2012-06-01,32.838,Niger
2012-07-01,30.864,Niger
2012-08-01,30.102,Niger
2012-09-01,30.448,Niger
2012-10-01,28.395000000000003,Niger
2012-11-01,26.451,Niger
2012-12-01,21.455,Niger
2012-01-01,25.331000000000003,Nigeria
2012-02-01,28.678,Nigeria
2012-03-01,29.943,Nigeria
2012-04-01,31.13000000000001,Nigeria
2012-05-01,29.173,Nigeria
2012-06-01,27.527,Nigeria
2012-07-01,26.006,Nigeria
2012-08-01,25.637,Nigeria
2012-09-01,26.013,Nigeria
2012-10-01,26.285,Nigeria
2012-11-01,27.406,Nigeria
2012-12-01,25.766,Nigeria
2012-01-01,26.767,Niue
2012-02-01,26.869,Niue
2012-03-01,27.48,Niue
2012-04-01,26.37,Niue
2012-05-01,25.75,Niue
2012-06-01,24.517,Niue
2012-07-01,24.118,Niue
2012-08-01,24.253,Niue
2012-09-01,24.927,Niue
2012-10-01,25.593000000000004,Niue
2012-11-01,26.483,Niue
2012-12-01,26.54,Niue
2012-01-01,-9.606,North America
2012-02-01,-6.898,North America
2012-03-01,-3.3160000000000003,North America
2012-04-01,2.668,North America
2012-05-01,9.588,North America
2012-06-01,14.963,North America
2012-07-01,17.944000000000003,North America
2012-08-01,16.425,North America
2012-09-01,11.87,North America
2012-10-01,4.065,North America
2012-11-01,-3.4770000000000003,North America
2012-12-01,-8.557,North America
2012-01-01,-9.709,North Korea
2012-02-01,-7.607,North Korea
2012-03-01,-0.022,North Korea
2012-04-01,7.896,North Korea
2012-05-01,14.639,North Korea
2012-06-01,17.962999999999994,North Korea
2012-07-01,21.746,North Korea
2012-08-01,22.473000000000003,North Korea
2012-09-01,16.971,North Korea
2012-10-01,9.996,North Korea
2012-11-01,0.968,North Korea
2012-12-01,-9.947,North Korea
2012-01-01,26.266,Northern Mariana Islands
2012-02-01,26.599,Northern Mariana Islands
2012-03-01,26.902,Northern Mariana Islands
2012-04-01,27.5,Northern Mariana Islands
2012-05-01,28.015,Northern Mariana Islands
2012-06-01,27.997,Northern Mariana Islands
2012-07-01,27.797,Northern Mariana Islands
2012-08-01,27.146,Northern Mariana Islands
2012-09-01,27.753,Northern Mariana Islands
2012-10-01,27.289,Northern Mariana Islands
2012-11-01,28.079,Northern Mariana Islands
2012-12-01,27.356,Northern Mariana Islands
2012-01-01,-6.080000000000001,Norway
2012-02-01,-6.045000000000001,Norway
2012-03-01,-1.037,Norway
2012-04-01,-1.854,Norway
2012-05-01,4.234,Norway
2012-06-01,7.588999999999999,Norway
2012-07-01,10.632,Norway
2012-08-01,10.177,Norway
2012-09-01,6.107,Norway
2012-10-01,0.563,Norway
2012-11-01,-1.7799999999999998,Norway
2012-12-01,-8.806000000000001,Norway
2012-01-01,27.34,Oceania
2012-02-01,26.724,Oceania
2012-03-01,24.38,Oceania
2012-04-01,22.062,Oceania
2012-05-01,17.916,Oceania
2012-06-01,14.996,Oceania
2012-07-01,14.42,Oceania
2012-08-01,16.619,Oceania
2012-09-01,20.385,Oceania
2012-10-01,23.25,Oceania
2012-11-01,26.342,Oceania
2012-12-01,27.837,Oceania
2012-01-01,20.315,Oman
2012-02-01,21.586,Oman
2012-03-01,24.993,Oman
2012-04-01,28.988000000000003,Oman
2012-05-01,33.056,Oman
2012-06-01,34.681999999999995,Oman
2012-07-01,33.372,Oman
2012-08-01,32.842,Oman
2012-09-01,31.969,Oman
2012-10-01,29.005,Oman
2012-11-01,25.343000000000004,Oman
2012-12-01,22.388,Oman
2012-01-01,8.554,Pakistan
2012-02-01,10.312,Pakistan
2012-03-01,17.619,Pakistan
2012-04-01,23.138,Pakistan
2012-05-01,28.015,Pakistan
2012-06-01,30.249,Pakistan
2012-07-01,30.722,Pakistan
2012-08-01,29.087000000000003,Pakistan
2012-09-01,26.238000000000003,Pakistan
2012-10-01,21.992,Pakistan
2012-11-01,16.909000000000002,Pakistan
2012-12-01,11.541,Pakistan
2012-01-01,27.587,Palau
2012-02-01,27.4,Palau
2012-03-01,27.752,Palau
2012-04-01,27.903,Palau
2012-05-01,28.085,Palau
2012-06-01,27.69,Palau
2012-07-01,27.477,Palau
2012-08-01,27.519,Palau
2012-09-01,27.605,Palau
2012-10-01,27.724,Palau
2012-11-01,28.135,Palau
2012-12-01,27.778,Palau
2012-01-01,20.927,Palestina
2012-02-01,21.509,Palestina
2012-03-01,22.632,Palestina
2012-04-01,24.042,Palestina
2012-05-01,24.814,Palestina
2012-06-01,25.824,Palestina
2012-07-01,26.261,Palestina
2012-08-01,25.811,Palestina
2012-09-01,25.257,Palestina
2012-10-01,24.698,Palestina
2012-11-01,23.034,Palestina
2012-12-01,21.994,Palestina
2012-01-01,26.975,Palmyra Atoll
2012-02-01,27.186,Palmyra Atoll
2012-03-01,27.309,Palmyra Atoll
2012-04-01,27.753,Palmyra Atoll
2012-05-01,27.905,Palmyra Atoll
2012-06-01,27.905,Palmyra Atoll
2012-07-01,27.84,Palmyra Atoll
2012-08-01,28.247,Palmyra Atoll
2012-09-01,28.036,Palmyra Atoll
2012-10-01,28.054,Palmyra Atoll
2012-11-01,28.005,Palmyra Atoll
2012-12-01,27.414,Palmyra Atoll
2012-01-01,26.679,Panama
2012-02-01,27.249,Panama
2012-03-01,27.904,Panama
2012-04-01,27.396,Panama
2012-05-01,27.621,Panama
2012-06-01,27.644,Panama
2012-07-01,27.349,Panama
2012-08-01,27.452,Panama
2012-09-01,27.069000000000003,Panama
2012-10-01,25.752,Panama
2012-11-01,26.304,Panama
2012-12-01,26.571,Panama
2012-01-01,25.096,Papua New Guinea
2012-02-01,25.368,Papua New Guinea
2012-03-01,25.133000000000003,Papua New Guinea
2012-04-01,24.83,Papua New Guinea
2012-05-01,24.696,Papua New Guinea
2012-06-01,23.972,Papua New Guinea
2012-07-01,24.133000000000003,Papua New Guinea
2012-08-01,24.138,Papua New Guinea
2012-09-01,24.72300000000001,Papua New Guinea
2012-10-01,25.058000000000003,Papua New Guinea
2012-11-01,25.241,Papua New Guinea
2012-12-01,25.735,Papua New Guinea
2012-01-01,28.314,Paraguay
2012-02-01,28.153,Paraguay
2012-03-01,26.146,Paraguay
2012-04-01,23.496,Paraguay
2012-05-01,21.328000000000003,Paraguay
2012-06-01,18.831,Paraguay
2012-07-01,17.144000000000002,Paraguay
2012-08-01,22.281,Paraguay
2012-09-01,24.907,Paraguay
2012-10-01,27.084000000000003,Paraguay
2012-11-01,27.22,Paraguay
2012-12-01,28.685,Paraguay
2012-01-01,20.607000000000006,Peru
2012-02-01,20.234,Peru
2012-03-01,20.707,Peru
2012-04-01,20.63,Peru
2012-05-01,20.375,Peru
2012-06-01,19.959,Peru
2012-07-01,19.655,Peru
2012-08-01,20.131,Peru
2012-09-01,20.621,Peru
2012-10-01,20.739,Peru
2012-11-01,21.247,Peru
2012-12-01,20.615,Peru
2012-01-01,25.954,Philippines
2012-02-01,26.237,Philippines
2012-03-01,27.015,Philippines
2012-04-01,27.81900000000001,Philippines
2012-05-01,28.156,Philippines
2012-06-01,27.831,Philippines
2012-07-01,27.231,Philippines
2012-08-01,27.586,Philippines
2012-09-01,27.328000000000003,Philippines
2012-10-01,26.862,Philippines
2012-11-01,27.144,Philippines
2012-12-01,26.624,Philippines
2012-01-01,-1.406,Poland
2012-02-01,-6.1370000000000005,Poland
2012-03-01,4.845,Poland
2012-04-01,9.119,Poland
2012-05-01,14.982,Poland
2012-06-01,16.468,Poland
2012-07-01,20.113,Poland
2012-08-01,18.87,Poland
2012-09-01,14.813,Poland
2012-10-01,8.361,Poland
2012-11-01,5.309,Poland
2012-12-01,-2.8840000000000003,Poland
2012-01-01,8.423,Portugal
2012-02-01,8.078999999999999,Portugal
2012-03-01,13.24,Portugal
2012-04-01,11.939,Portugal
2012-05-01,18.022,Portugal
2012-06-01,20.446,Portugal
2012-07-01,22.226,Portugal
2012-08-01,22.819000000000003,Portugal
2012-09-01,21.033,Portugal
2012-10-01,16.404,Portugal
2012-11-01,12.023,Portugal
2012-12-01,10.052,Portugal
2012-01-01,24.389,Puerto Rico
2012-02-01,24.381,Puerto Rico
2012-03-01,24.492,Puerto Rico
2012-04-01,25.332,Puerto Rico
2012-05-01,26.489,Puerto Rico
2012-06-01,28.143,Puerto Rico
2012-07-01,27.939,Puerto Rico
2012-08-01,27.9,Puerto Rico
2012-09-01,28.067,Puerto Rico
2012-10-01,27.738000000000003,Puerto Rico
2012-11-01,27.225,Puerto Rico
2012-12-01,25.54,Puerto Rico
2012-01-01,17.794,Qatar
2012-02-01,18.734,Qatar
2012-03-01,21.44,Qatar
2012-04-01,27.423,Qatar
2012-05-01,34.137,Qatar
2012-06-01,36.163,Qatar
2012-07-01,37.603,Qatar
2012-08-01,37.017,Qatar
2012-09-01,34.424,Qatar
2012-10-01,30.878,Qatar
2012-11-01,25.407,Qatar
2012-12-01,20.794,Qatar
2012-01-01,25.842,Reunion
2012-02-01,26.985,Reunion
2012-03-01,25.926,Reunion
2012-04-01,25.586,Reunion
2012-05-01,24.096,Reunion
2012-06-01,23.09,Reunion
2012-07-01,22.407,Reunion
2012-08-01,22.233,Reunion
2012-09-01,21.878,Reunion
2012-10-01,22.522,Reunion
2012-11-01,24.008000000000003,Reunion
2012-12-01,25.563,Reunion
2012-01-01,-2.22,Romania
2012-02-01,-6.96,Romania
2012-03-01,4.687,Romania
2012-04-01,11.593,Romania
2012-05-01,16.038999999999998,Romania
2012-06-01,20.872,Romania
2012-07-01,24.02,Romania
2012-08-01,21.887,Romania
2012-09-01,17.881999999999994,Romania
2012-10-01,11.705,Romania
2012-11-01,6.252000000000001,Romania
2012-12-01,-2.144,Romania
2012-01-01,-24.229,Russia
2012-02-01,-22.502,Russia
2012-03-01,-15.098,Russia
2012-04-01,-2.503,Russia
2012-05-01,6.593999999999999,Russia
2012-06-01,14.441,Russia
2012-07-01,16.741,Russia
2012-08-01,13.014,Russia
2012-09-01,7.769,Russia
2012-10-01,-2.708,Russia
2012-11-01,-13.9,Russia
2012-12-01,-24.44,Russia
2012-01-01,20.402,Rwanda
2012-02-01,20.277,Rwanda
2012-03-01,20.194000000000003,Rwanda
2012-04-01,19.22,Rwanda
2012-05-01,19.282,Rwanda
2012-06-01,19.973,Rwanda
2012-07-01,19.773000000000003,Rwanda
2012-08-01,20.562,Rwanda
2012-09-01,20.8,Rwanda
2012-10-01,19.927,Rwanda
2012-11-01,19.797,Rwanda
2012-12-01,19.306,Rwanda
2012-01-01,25.678,Saint Barthélemy
2012-02-01,25.868,Saint Barthélemy
2012-03-01,26.182,Saint Barthélemy
2012-04-01,26.622,Saint Barthélemy
2012-05-01,27.448,Saint Barthélemy
2012-06-01,28.883000000000003,Saint Barthélemy
2012-07-01,29.073,Saint Barthélemy
2012-08-01,29.171,Saint Barthélemy
2012-09-01,29.309,Saint Barthélemy
2012-10-01,28.758000000000003,Saint Barthélemy
2012-11-01,28.203000000000003,Saint Barthélemy
2012-12-01,26.47600000000001,Saint Barthélemy
2012-01-01,25.059,Saint Kitts And Nevis
2012-02-01,25.165,Saint Kitts And Nevis
2012-03-01,25.457,Saint Kitts And Nevis
2012-04-01,26.052,Saint Kitts And Nevis
2012-05-01,26.791,Saint Kitts And Nevis
2012-06-01,28.221,Saint Kitts And Nevis
2012-07-01,28.13000000000001,Saint Kitts And Nevis
2012-08-01,28.176,Saint Kitts And Nevis
2012-09-01,28.265,Saint Kitts And Nevis
2012-10-01,27.726,Saint Kitts And Nevis
2012-11-01,27.365,Saint Kitts And Nevis
2012-12-01,25.855,Saint Kitts And Nevis
2012-01-01,26.312,Saint Lucia
2012-02-01,26.048,Saint Lucia
2012-03-01,26.44,Saint Lucia
2012-04-01,26.99,Saint Lucia
2012-05-01,27.603,Saint Lucia
2012-06-01,28.545,Saint Lucia
2012-07-01,28.436,Saint Lucia
2012-08-01,28.436,Saint Lucia
2012-09-01,28.641,Saint Lucia
2012-10-01,28.313,Saint Lucia
2012-11-01,28.196,Saint Lucia
2012-12-01,26.987,Saint Lucia
2012-01-01,25.678,Saint Martin
2012-02-01,25.868,Saint Martin
2012-03-01,26.182,Saint Martin
2012-04-01,26.622,Saint Martin
2012-05-01,27.448,Saint Martin
2012-06-01,28.883000000000003,Saint Martin
2012-07-01,29.073,Saint Martin
2012-08-01,29.171,Saint Martin
2012-09-01,29.309,Saint Martin
2012-10-01,28.758000000000003,Saint Martin
2012-11-01,28.203000000000003,Saint Martin
2012-12-01,26.47600000000001,Saint Martin
2012-01-01,-2.319,Saint Pierre And Miquelon
2012-02-01,-3.33,Saint Pierre And Miquelon
2012-03-01,-1.654,Saint Pierre And Miquelon
2012-04-01,4.103,Saint Pierre And Miquelon
2012-05-01,8.776,Saint Pierre And Miquelon
2012-06-01,11.069,Saint Pierre And Miquelon
2012-07-01,16.56,Saint Pierre And Miquelon
2012-08-01,18.127,Saint Pierre And Miquelon
2012-09-01,14.868,Saint Pierre And Miquelon
2012-10-01,9.423,Saint Pierre And Miquelon
2012-11-01,4.736000000000001,Saint Pierre And Miquelon
2012-12-01,0.044,Saint Pierre And Miquelon
2012-01-01,26.522,Saint Vincent And The Grenadines
2012-02-01,26.299,Saint Vincent And The Grenadines
2012-03-01,26.649,Saint Vincent And The Grenadines
2012-04-01,27.19,Saint Vincent And The Grenadines
2012-05-01,27.723000000000003,Saint Vincent And The Grenadines
2012-06-01,28.558000000000003,Saint Vincent And The Grenadines
2012-07-01,28.433000000000003,Saint Vincent And The Grenadines
2012-08-01,28.557,Saint Vincent And The Grenadines
2012-09-01,28.812,Saint Vincent And The Grenadines
2012-10-01,28.514000000000006,Saint Vincent And The Grenadines
2012-11-01,28.386,Saint Vincent And The Grenadines
2012-12-01,27.196,Saint Vincent And The Grenadines
2012-01-01,26.852,Samoa
2012-02-01,26.713,Samoa
2012-03-01,26.636,Samoa
2012-04-01,26.916,Samoa
2012-05-01,26.782,Samoa
2012-06-01,26.812,Samoa
2012-07-01,26.397,Samoa
2012-08-01,26.709,Samoa
2012-09-01,27.065,Samoa
2012-10-01,27.305,Samoa
2012-11-01,27.758000000000003,Samoa
2012-12-01,27.175,Samoa
2012-01-01,6.424,San Marino
2012-02-01,3.447,San Marino
2012-03-01,12.058,San Marino
2012-04-01,12.847,San Marino
2012-05-01,16.628,San Marino
2012-06-01,22.18,San Marino
2012-07-01,25.078000000000007,San Marino
2012-08-01,25.792,San Marino
2012-09-01,20.726,San Marino
2012-10-01,16.897000000000002,San Marino
2012-11-01,14.156,San Marino
2012-12-01,7.702000000000001,San Marino
2012-01-01,26.552000000000003,Sao Tome And Principe
2012-02-01,26.603,Sao Tome And Principe
2012-03-01,27.617,Sao Tome And Principe
2012-04-01,27.103,Sao Tome And Principe
2012-05-01,26.649,Sao Tome And Principe
2012-06-01,26.19400000000001,Sao Tome And Principe
2012-07-01,25.491,Sao Tome And Principe
2012-08-01,25.575,Sao Tome And Principe
2012-09-01,25.954,Sao Tome And Principe
2012-10-01,26.156,Sao Tome And Principe
2012-11-01,26.348000000000003,Sao Tome And Principe
2012-12-01,26.475,Sao Tome And Principe
2012-01-01,15.939,Saudi Arabia
2012-02-01,18.067,Saudi Arabia
2012-03-01,21.121,Saudi Arabia
2012-04-01,26.77,Saudi Arabia
2012-05-01,32.754000000000005,Saudi Arabia
2012-06-01,35.313,Saudi Arabia
2012-07-01,36.495,Saudi Arabia
2012-08-01,35.731,Saudi Arabia
2012-09-01,32.811,Saudi Arabia
2012-10-01,28.377,Saudi Arabia
2012-11-01,22.433000000000003,Saudi Arabia
2012-12-01,18.056,Saudi Arabia
2012-01-01,24.837,Senegal
2012-02-01,26.091,Senegal
2012-03-01,29.655,Senegal
2012-04-01,31.054,Senegal
2012-05-01,32.243,Senegal
2012-06-01,31.117,Senegal
2012-07-01,28.855,Senegal
2012-08-01,27.964,Senegal
2012-09-01,28.186,Senegal
2012-10-01,29.236,Senegal
2012-11-01,29.2,Senegal
2012-12-01,25.189,Senegal
2012-01-01,-0.81,Serbia
2012-02-01,-4.6400000000000015,Serbia
2012-03-01,7.221999999999999,Serbia
2012-04-01,11.678,Serbia
2012-05-01,15.621,Serbia
2012-06-01,21.6,Serbia
2012-07-01,24.445,Serbia
2012-08-01,23.453000000000007,Serbia
2012-09-01,19.029,Serbia
2012-10-01,12.507,Serbia
2012-11-01,7.85,Serbia
2012-12-01,-0.534,Serbia
2012-01-01,27.239,Seychelles
2012-02-01,27.611,Seychelles
2012-03-01,28.275,Seychelles
2012-04-01,28.878,Seychelles
2012-05-01,28.974,Seychelles
2012-06-01,27.63000000000001,Seychelles
2012-07-01,26.729000000000006,Seychelles
2012-08-01,27.144,Seychelles
2012-09-01,28.688,Seychelles
2012-10-01,28.31,Seychelles
2012-11-01,26.247,Seychelles
2012-12-01,27.546,Seychelles
2012-01-01,26.026,Sierra Leone
2012-02-01,27.064,Sierra Leone
2012-03-01,28.685,Sierra Leone
2012-04-01,28.081,Sierra Leone
2012-05-01,27.432,Sierra Leone
2012-06-01,26.129,Sierra Leone
2012-07-01,25.421,Sierra Leone
2012-08-01,25.966,Sierra Leone
2012-09-01,25.329,Sierra Leone
2012-10-01,25.925,Sierra Leone
2012-11-01,27.531,Sierra Leone
2012-12-01,26.528,Sierra Leone
2012-01-01,26.842,Singapore
2012-02-01,26.955,Singapore
2012-03-01,27.058000000000003,Singapore
2012-04-01,27.278,Singapore
2012-05-01,28.0,Singapore
2012-06-01,28.372000000000003,Singapore
2012-07-01,27.445,Singapore
2012-08-01,27.556,Singapore
2012-09-01,27.551,Singapore
2012-10-01,27.192,Singapore
2012-11-01,26.951,Singapore
2012-12-01,26.443,Singapore
2012-01-01,25.678,Sint Maarten
2012-02-01,25.868,Sint Maarten
2012-03-01,26.182,Sint Maarten
2012-04-01,26.622,Sint Maarten
2012-05-01,27.448,Sint Maarten
2012-06-01,28.883000000000003,Sint Maarten
2012-07-01,29.073,Sint Maarten
2012-08-01,29.171,Sint Maarten
2012-09-01,29.309,Sint Maarten
2012-10-01,28.758000000000003,Sint Maarten
2012-11-01,28.203000000000003,Sint Maarten
2012-12-01,26.47600000000001,Sint Maarten
2012-01-01,-1.3530000000000002,Slovakia
2012-02-01,-5.827000000000001,Slovakia
2012-03-01,5.015,Slovakia
2012-04-01,9.358,Slovakia
2012-05-01,14.677,Slovakia
2012-06-01,17.913999999999994,Slovakia
2012-07-01,20.214,Slovakia
2012-08-01,19.325,Slovakia
2012-09-01,15.182,Slovakia
2012-10-01,8.776,Slovakia
2012-11-01,5.682,Slovakia
2012-12-01,-2.485,Slovakia
2012-01-01,0.8859999999999999,Slovenia
2012-02-01,-2.2700000000000005,Slovenia
2012-03-01,8.83,Slovenia
2012-04-01,10.614,Slovenia
2012-05-01,15.343,Slovenia
2012-06-01,20.358,Slovenia
2012-07-01,22.256,Slovenia
2012-08-01,22.389000000000006,Slovenia
2012-09-01,16.784000000000002,Slovenia
2012-10-01,11.311,Slovenia
2012-11-01,8.175,Slovenia
2012-12-01,0.6629999999999999,Slovenia
2012-01-01,27.491000000000003,Solomon Is.
2012-02-01,27.262,Solomon Is.
2012-03-01,27.663,Solomon Is.
2012-04-01,27.308000000000003,Solomon Is.
2012-05-01,27.225,Solomon Is.
2012-06-01,27.118,Solomon Is.
2012-07-01,26.915,Solomon Is.
2012-08-01,27.439,Solomon Is.
2012-09-01,26.743,Solomon Is.
2012-10-01,26.995,Solomon Is.
2012-11-01,26.784,Solomon Is.
2012-12-01,27.217,Solomon Is.
2012-01-01,26.046,Somalia
2012-02-01,26.573,Somalia
2012-03-01,27.855,Somalia
2012-04-01,28.981,Somalia
2012-05-01,29.036,Somalia
2012-06-01,29.081,Somalia
2012-07-01,28.006,Somalia
2012-08-01,28.993,Somalia
2012-09-01,29.3,Somalia
2012-10-01,27.733,Somalia
2012-11-01,26.985,Somalia
2012-12-01,26.673,Somalia
2012-01-01,24.024,South Africa
2012-02-01,23.04,South Africa
2012-03-01,21.742,South Africa
2012-04-01,16.941000000000006,South Africa
2012-05-01,14.893,South Africa
2012-06-01,11.436,South Africa
2012-07-01,10.952,South Africa
2012-08-01,13.253,South Africa
2012-09-01,15.505,South Africa
2012-10-01,18.507,South Africa
2012-11-01,21.379,South Africa
2012-12-01,22.491,South Africa
2012-01-01,24.146,South America
2012-02-01,23.92,South America
2012-03-01,23.619,South America
2012-04-01,22.493,South America
2012-05-01,21.533,South America
2012-06-01,20.427,South America
2012-07-01,19.814,South America
2012-08-01,21.445,South America
2012-09-01,22.981,South America
2012-10-01,23.72600000000001,South America
2012-11-01,24.252,South America
2012-12-01,24.315,South America
2012-01-01,5.279999999999999,South Georgia And The South Sandwich Isla
2012-02-01,5.131,South Georgia And The South Sandwich Isla
2012-03-01,3.9460000000000006,South Georgia And The South Sandwich Isla
2012-04-01,1.4339999999999995,South Georgia And The South Sandwich Isla
2012-05-01,0.61,South Georgia And The South Sandwich Isla
2012-06-01,-0.2609999999999998,South Georgia And The South Sandwich Isla
2012-07-01,-1.6030000000000002,South Georgia And The South Sandwich Isla
2012-08-01,0.7250000000000001,South Georgia And The South Sandwich Isla
2012-09-01,0.2459999999999999,South Georgia And The South Sandwich Isla
2012-10-01,1.6969999999999998,South Georgia And The South Sandwich Isla
2012-11-01,2.541,South Georgia And The South Sandwich Isla
2012-12-01,3.08,South Georgia And The South Sandwich Isla
2012-01-01,-1.36,South Korea
2012-02-01,-0.7049999999999998,South Korea
2012-03-01,5.6610000000000005,South Korea
2012-04-01,12.638000000000002,South Korea
2012-05-01,18.366,South Korea
2012-06-01,22.046,South Korea
2012-07-01,25.571,South Korea
2012-08-01,26.496,South Korea
2012-09-01,20.416,South Korea
2012-10-01,14.644,South Korea
2012-11-01,6.571000000000001,South Korea
2012-12-01,-1.6439999999999997,South Korea
2012-01-01,6.542999999999999,Spain
2012-02-01,5.3100000000000005,Spain
2012-03-01,10.979,Spain
2012-04-01,11.121,Spain
2012-05-01,17.767,Spain
2012-06-01,21.717,Spain
2012-07-01,23.242,Spain
2012-08-01,24.611,Spain
2012-09-01,20.287,Spain
2012-10-01,15.244000000000002,Spain
2012-11-01,10.458,Spain
2012-12-01,7.681,Spain
2012-01-01,26.206,Sri Lanka
2012-02-01,26.988000000000003,Sri Lanka
2012-03-01,28.301,Sri Lanka
2012-04-01,28.147,Sri Lanka
2012-05-01,29.542,Sri Lanka
2012-06-01,29.18,Sri Lanka
2012-07-01,28.935,Sri Lanka
2012-08-01,28.442,Sri Lanka
2012-09-01,28.483,Sri Lanka
2012-10-01,26.922,Sri Lanka
2012-11-01,27.849,Sri Lanka
2012-12-01,26.403,Sri Lanka
2012-01-01,22.653,Sudan
2012-02-01,26.433000000000003,Sudan
2012-03-01,27.609,Sudan
2012-04-01,29.007,Sudan
2012-05-01,31.32,Sudan
2012-06-01,31.555,Sudan
2012-07-01,28.684,Sudan
2012-08-01,28.863000000000003,Sudan
2012-09-01,29.059,Sudan
2012-10-01,29.248,Sudan
2012-11-01,26.769,Sudan
2012-12-01,23.222,Sudan
2012-01-01,25.992,Suriname
2012-02-01,25.766,Suriname
2012-03-01,26.553,Suriname
2012-04-01,26.624,Suriname
2012-05-01,26.801,Suriname
2012-06-01,26.767,Suriname
2012-07-01,26.938,Suriname
2012-08-01,27.703000000000003,Suriname
2012-09-01,28.497,Suriname
2012-10-01,28.583,Suriname
2012-11-01,28.591,Suriname
2012-12-01,27.458,Suriname
2012-01-01,-5.779000000000003,Svalbard And Jan Mayen
2012-02-01,-7.334,Svalbard And Jan Mayen
2012-03-01,-7.577999999999998,Svalbard And Jan Mayen
2012-04-01,-10.84,Svalbard And Jan Mayen
2012-05-01,-3.624,Svalbard And Jan Mayen
2012-06-01,1.986,Svalbard And Jan Mayen
2012-07-01,4.534,Svalbard And Jan Mayen
2012-08-01,4.027,Svalbard And Jan Mayen
2012-09-01,1.291,Svalbard And Jan Mayen
2012-10-01,-4.256,Svalbard And Jan Mayen
2012-11-01,-7.877999999999999,Svalbard And Jan Mayen
2012-12-01,-9.921,Svalbard And Jan Mayen
2012-01-01,23.176,eSwatini
2012-02-01,23.607,eSwatini
2012-03-01,22.076,eSwatini
2012-04-01,18.733,eSwatini
2012-05-01,18.052,eSwatini
2012-06-01,15.429,eSwatini
2012-07-01,14.529000000000002,eSwatini
2012-08-01,17.192999999999998,eSwatini
2012-09-01,18.028,eSwatini
2012-10-01,20.437,eSwatini
2012-11-01,21.075,eSwatini
2012-12-01,22.526,eSwatini
2012-01-01,-6.3740000000000006,Sweden
2012-02-01,-7.673999999999999,Sweden
2012-03-01,0.6550000000000002,Sweden
2012-04-01,1.057,Sweden
2012-05-01,7.71,Sweden
2012-06-01,10.702,Sweden
2012-07-01,14.372,Sweden
2012-08-01,13.33,Sweden
2012-09-01,8.632000000000001,Sweden
2012-10-01,2.58,Sweden
2012-11-01,-0.0499999999999998,Sweden
2012-12-01,-9.266,Sweden
2012-01-01,-0.0669999999999997,Switzerland
2012-02-01,-4.513,Switzerland
2012-03-01,6.19,Switzerland
2012-04-01,6.996,Switzerland
2012-05-01,12.569,Switzerland
2012-06-01,15.525,Switzerland
2012-07-01,16.954,Switzerland
2012-08-01,18.243,Switzerland
2012-09-01,13.119000000000002,Switzerland
2012-10-01,8.436,Switzerland
2012-11-01,4.478,Switzerland
2012-12-01,-0.019,Switzerland
2012-01-01,6.444,Syria
2012-02-01,7.463000000000001,Syria
2012-03-01,10.544,Syria
2012-04-01,19.683,Syria
2012-05-01,23.53,Syria
2012-06-01,29.281,Syria
2012-07-01,31.382,Syria
2012-08-01,30.36,Syria
2012-09-01,27.529,Syria
2012-10-01,21.806,Syria
2012-11-01,15.149,Syria
2012-12-01,9.12,Syria
2012-01-01,16.416,Taiwan
2012-02-01,16.918,Taiwan
2012-03-01,19.384,Taiwan
2012-04-01,22.802,Taiwan
2012-05-01,25.047,Taiwan
2012-06-01,26.096,Taiwan
2012-07-01,27.982,Taiwan
2012-08-01,27.253,Taiwan
2012-09-01,26.132,Taiwan
2012-10-01,23.674,Taiwan
2012-11-01,21.168000000000003,Taiwan
2012-12-01,17.828,Taiwan
2012-01-01,-11.48,Tajikistan
2012-02-01,-10.589,Tajikistan
2012-03-01,-2.537,Tajikistan
2012-04-01,7.927,Tajikistan
2012-05-01,10.401,Tajikistan
2012-06-01,15.263,Tajikistan
2012-07-01,17.803,Tajikistan
2012-08-01,17.580000000000002,Tajikistan
2012-09-01,11.762,Tajikistan
2012-10-01,5.729,Tajikistan
2012-11-01,-1.368,Tajikistan
2012-12-01,-8.44,Tajikistan
2012-01-01,23.717,Tanzania
2012-02-01,23.981,Tanzania
2012-03-01,23.762,Tanzania
2012-04-01,22.695,Tanzania
2012-05-01,22.213,Tanzania
2012-06-01,21.447,Tanzania
2012-07-01,20.893,Tanzania
2012-08-01,21.965,Tanzania
2012-09-01,23.469,Tanzania
2012-10-01,24.116,Tanzania
2012-11-01,24.613000000000003,Tanzania
2012-12-01,23.953000000000003,Tanzania
2012-01-01,24.475,Thailand
2012-02-01,26.318,Thailand
2012-03-01,27.924,Thailand
2012-04-01,29.019,Thailand
2012-05-01,28.562,Thailand
2012-06-01,28.266,Thailand
2012-07-01,27.685,Thailand
2012-08-01,27.685,Thailand
2012-09-01,27.439,Thailand
2012-10-01,27.256,Thailand
2012-11-01,27.256,Thailand
2012-12-01,25.583,Thailand
2012-01-01,26.783,Timor-Leste
2012-02-01,26.698,Timor-Leste
2012-03-01,26.316,Timor-Leste
2012-04-01,26.513,Timor-Leste
2012-05-01,25.675,Timor-Leste
2012-06-01,24.505,Timor-Leste
2012-07-01,24.563,Timor-Leste
2012-08-01,24.285,Timor-Leste
2012-09-01,25.501,Timor-Leste
2012-10-01,27.386000000000006,Timor-Leste
2012-11-01,28.365,Timor-Leste
2012-12-01,27.883000000000003,Timor-Leste
2012-01-01,27.438,Togo
2012-02-01,29.019,Togo
2012-03-01,30.167,Togo
2012-04-01,29.255,Togo
2012-05-01,27.973000000000003,Togo
2012-06-01,26.949,Togo
2012-07-01,25.694000000000003,Togo
2012-08-01,25.361,Togo
2012-09-01,25.948,Togo
2012-10-01,26.489,Togo
2012-11-01,27.882,Togo
2012-12-01,26.864,Togo
2012-01-01,25.54,Tonga
2012-02-01,25.483,Tonga
2012-03-01,26.431,Tonga
2012-04-01,25.013,Tonga
2012-05-01,23.276,Tonga
2012-06-01,22.166,Tonga
2012-07-01,21.872,Tonga
2012-08-01,21.632,Tonga
2012-09-01,22.068,Tonga
2012-10-01,23.173,Tonga
2012-11-01,24.071,Tonga
2012-12-01,25.375,Tonga
2012-01-01,26.078000000000003,Trinidad and Tobago
2012-02-01,26.036,Trinidad and Tobago
2012-03-01,26.371,Trinidad and Tobago
2012-04-01,26.942,Trinidad and Tobago
2012-05-01,27.253,Trinidad and Tobago
2012-06-01,27.237,Trinidad and Tobago
2012-07-01,27.006,Trinidad and Tobago
2012-08-01,27.44400000000001,Trinidad and Tobago
2012-09-01,27.823,Trinidad and Tobago
2012-10-01,27.708,Trinidad and Tobago
2012-11-01,27.74,Trinidad and Tobago
2012-12-01,26.695,Trinidad and Tobago
2012-01-01,10.832,Tunisia
2012-02-01,9.754,Tunisia
2012-03-01,15.195,Tunisia
2012-04-01,20.132,Tunisia
2012-05-01,24.083,Tunisia
2012-06-01,30.116,Tunisia
2012-07-01,32.394,Tunisia
2012-08-01,31.986,Tunisia
2012-09-01,27.892,Tunisia
2012-10-01,24.072000000000006,Tunisia
2012-11-01,18.831,Tunisia
2012-12-01,12.463,Tunisia
2012-01-01,0.14,Turkey
2012-02-01,-0.7629999999999999,Turkey
2012-03-01,3.779,Turkey
2012-04-01,12.901,Turkey
2012-05-01,16.322,Turkey
2012-06-01,21.947000000000006,Turkey
2012-07-01,24.936,Turkey
2012-08-01,24.211,Turkey
2012-09-01,21.021,Turkey
2012-10-01,15.988,Turkey
2012-11-01,10.001,Turkey
2012-12-01,3.77,Turkey
2012-01-01,0.008,Turkmenistan
2012-02-01,-0.964,Turkmenistan
2012-03-01,8.137,Turkmenistan
2012-04-01,20.446,Turkmenistan
2012-05-01,24.749,Turkmenistan
2012-06-01,28.878,Turkmenistan
2012-07-01,30.807,Turkmenistan
2012-08-01,29.696,Turkmenistan
2012-09-01,22.338,Turkmenistan
2012-10-01,16.844,Turkmenistan
2012-11-01,8.318,Turkmenistan
2012-12-01,1.0130000000000003,Turkmenistan
2012-01-01,24.947,Turks And Caicas Islands
2012-02-01,25.386000000000006,Turks And Caicas Islands
2012-03-01,25.617,Turks And Caicas Islands
2012-04-01,25.983,Turks And Caicas Islands
2012-05-01,27.812,Turks And Caicas Islands
2012-06-01,29.404,Turks And Caicas Islands
2012-07-01,29.813,Turks And Caicas Islands
2012-08-01,29.673,Turks And Caicas Islands
2012-09-01,29.282,Turks And Caicas Islands
2012-10-01,28.413,Turks And Caicas Islands
2012-11-01,26.804,Turks And Caicas Islands
2012-12-01,25.817,Turks And Caicas Islands
2012-01-01,24.427,Uganda
2012-02-01,25.744,Uganda
2012-03-01,25.346,Uganda
2012-04-01,23.524,Uganda
2012-05-01,23.234,Uganda
2012-06-01,23.477,Uganda
2012-07-01,22.725,Uganda
2012-08-01,23.127,Uganda
2012-09-01,23.263,Uganda
2012-10-01,23.613000000000003,Uganda
2012-11-01,23.896,Uganda
2012-12-01,23.292,Uganda
2012-01-01,-3.865,Ukraine
2012-02-01,-9.586,Ukraine
2012-03-01,1.669,Ukraine
2012-04-01,11.682,Ukraine
2012-05-01,17.988,Ukraine
2012-06-01,20.56,Ukraine
2012-07-01,23.549,Ukraine
2012-08-01,21.224,Ukraine
2012-09-01,16.578,Ukraine
2012-10-01,10.855,Ukraine
2012-11-01,4.9510000000000005,Ukraine
2012-12-01,-4.117,Ukraine
2012-01-01,19.35,United Arab Emirates
2012-02-01,20.724,United Arab Emirates
2012-03-01,24.293000000000003,United Arab Emirates
2012-04-01,29.021,United Arab Emirates
2012-05-01,34.848,United Arab Emirates
2012-06-01,36.30800000000001,United Arab Emirates
2012-07-01,37.713,United Arab Emirates
2012-08-01,37.288,United Arab Emirates
2012-09-01,35.25,United Arab Emirates
2012-10-01,30.769,United Arab Emirates
2012-11-01,25.752,United Arab Emirates
2012-12-01,21.794,United Arab Emirates
2012-01-01,5.101,United Kingdom (Europe)
2012-02-01,4.758,United Kingdom (Europe)
2012-03-01,8.04,United Kingdom (Europe)
2012-04-01,6.664,United Kingdom (Europe)
2012-05-01,10.886,United Kingdom (Europe)
2012-06-01,12.053,United Kingdom (Europe)
2012-07-01,14.431,United Kingdom (Europe)
2012-08-01,15.761,United Kingdom (Europe)
2012-09-01,12.509,United Kingdom (Europe)
2012-10-01,8.828,United Kingdom (Europe)
2012-11-01,6.513,United Kingdom (Europe)
2012-12-01,4.678,United Kingdom (Europe)
2012-01-01,5.47,United Kingdom
2012-02-01,5.04,United Kingdom
2012-03-01,8.097999999999999,United Kingdom
2012-04-01,6.638999999999999,United Kingdom
2012-05-01,10.574000000000002,United Kingdom
2012-06-01,11.539,United Kingdom
2012-07-01,13.75,United Kingdom
2012-08-01,15.152,United Kingdom
2012-09-01,12.055,United Kingdom
2012-10-01,8.686,United Kingdom
2012-11-01,6.601,United Kingdom
2012-12-01,4.8450000000000015,United Kingdom
2012-01-01,-2.2680000000000007,United States of America
2012-02-01,0.5819999999999999,United States of America
2012-03-01,6.023999999999999,United States of America
2012-04-01,10.196000000000002,United States of America
2012-05-01,15.422,United States of America
2012-06-01,19.954,United States of America
2012-07-01,23.008000000000003,United States of America
2012-08-01,21.422,United States of America
2012-09-01,17.035999999999998,United States of America
2012-10-01,9.688,United States of America
2012-11-01,3.33,United States of America
2012-12-01,-1.261,United States of America
2012-01-01,25.028,Uruguay
2012-02-01,24.765,Uruguay
2012-03-01,21.744,Uruguay
2012-04-01,17.52,Uruguay
2012-05-01,16.616999999999994,Uruguay
2012-06-01,11.603,Uruguay
2012-07-01,9.475,Uruguay
2012-08-01,15.242,Uruguay
2012-09-01,15.843,Uruguay
2012-10-01,18.4,Uruguay
2012-11-01,21.987,Uruguay
2012-12-01,23.884,Uruguay
2012-01-01,-4.027,Uzbekistan
2012-02-01,-5.263999999999999,Uzbekistan
2012-03-01,5.247000000000001,Uzbekistan
2012-04-01,19.284,Uzbekistan
2012-05-01,22.758000000000003,Uzbekistan
2012-06-01,27.343000000000004,Uzbekistan
2012-07-01,28.985000000000007,Uzbekistan
2012-08-01,27.878,Uzbekistan
2012-09-01,20.046,Uzbekistan
2012-10-01,14.099,Uzbekistan
2012-11-01,5.031000000000001,Uzbekistan
2012-12-01,-3.65,Uzbekistan
2012-01-01,25.263,Venezuela
2012-02-01,25.79,Venezuela
2012-03-01,25.989,Venezuela
2012-04-01,25.759,Venezuela
2012-05-01,25.854,Venezuela
2012-06-01,25.759,Venezuela
2012-07-01,25.361,Venezuela
2012-08-01,25.417,Venezuela
2012-09-01,25.602,Venezuela
2012-10-01,25.78,Venezuela
2012-11-01,26.233,Venezuela
2012-12-01,25.456,Venezuela
2012-01-01,19.23,Vietnam
2012-02-01,20.764,Vietnam
2012-03-01,23.205,Vietnam
2012-04-01,26.063,Vietnam
2012-05-01,27.429,Vietnam
2012-06-01,27.682,Vietnam
2012-07-01,27.405,Vietnam
2012-08-01,27.373,Vietnam
2012-09-01,26.095,Vietnam
2012-10-01,25.091,Vietnam
2012-11-01,24.192,Vietnam
2012-12-01,21.923,Vietnam
2012-01-01,25.197,Virgin Islands
2012-02-01,25.541,Virgin Islands
2012-03-01,25.784,Virgin Islands
2012-04-01,26.358,Virgin Islands
2012-05-01,27.238000000000003,Virgin Islands
2012-06-01,28.824,Virgin Islands
2012-07-01,28.826,Virgin Islands
2012-08-01,28.907,Virgin Islands
2012-09-01,28.98,Virgin Islands
2012-10-01,28.495,Virgin Islands
2012-11-01,27.946,Virgin Islands
2012-12-01,26.226,Virgin Islands
2012-01-01,17.180999999999994,W. Sahara
2012-02-01,16.902,W. Sahara
2012-03-01,21.403,W. Sahara
2012-04-01,21.583,W. Sahara
2012-05-01,26.057,W. Sahara
2012-06-01,26.803,W. Sahara
2012-07-01,28.171,W. Sahara
2012-08-01,29.201,W. Sahara
2012-09-01,27.554,W. Sahara
2012-10-01,25.204,W. Sahara
2012-11-01,22.031,W. Sahara
2012-12-01,17.551,W. Sahara
2012-01-01,21.513,Yemen
2012-02-01,22.58,Yemen
2012-03-01,25.226,Yemen
2012-04-01,28.047,Yemen
2012-05-01,30.904,Yemen
2012-06-01,32.52,Yemen
2012-07-01,31.749,Yemen
2012-08-01,31.642,Yemen
2012-09-01,30.549,Yemen
2012-10-01,27.668000000000006,Yemen
2012-11-01,24.504,Yemen
2012-12-01,22.438,Yemen
2012-01-01,22.417,Zambia
2012-02-01,22.489,Zambia
2012-03-01,22.703000000000003,Zambia
2012-04-01,20.98,Zambia
2012-05-01,20.179,Zambia
2012-06-01,17.647000000000006,Zambia
2012-07-01,17.505,Zambia
2012-08-01,20.57,Zambia
2012-09-01,23.711,Zambia
2012-10-01,24.1,Zambia
2012-11-01,24.684,Zambia
2012-12-01,23.388,Zambia
2012-01-01,23.872,Zimbabwe
2012-02-01,24.294,Zimbabwe
2012-03-01,23.596,Zimbabwe
2012-04-01,20.349,Zimbabwe
2012-05-01,19.712,Zimbabwe
2012-06-01,16.631,Zimbabwe
2012-07-01,16.048,Zimbabwe
2012-08-01,18.946,Zimbabwe
2012-09-01,22.609,Zimbabwe
2012-10-01,23.482,Zimbabwe
2012-11-01,24.606,Zimbabwe
2012-12-01,24.111,Zimbabwe
