Date,Average,AverageTemperatureUncertainty,Country
1743-11-01,4.3839999999999995,2.294,Åland
1743-12-01,,,Åland
1744-01-01,,,Åland
1744-02-01,,,Åland
1744-03-01,,,Åland
1744-04-01,1.53,4.68,Åland
1744-05-01,6.702000000000001,1.789,Åland
1744-06-01,11.609000000000002,1.577,Åland
1744-07-01,15.342,1.41,Åland
1744-08-01,,,Åland
1744-09-01,11.702,1.517,Åland
1744-10-01,5.477,1.862,Åland
1744-11-01,3.407,1.425,Åland
1744-12-01,-2.181,1.641,Åland
1745-01-01,-3.85,1.841,Åland
1745-02-01,-6.574999999999998,1.36,Åland
1745-03-01,-4.195,1.213,Åland
1745-04-01,-0.9660000000000002,1.172,Åland
1745-05-01,,,Åland
1745-06-01,,,Åland
1745-07-01,,,Åland
1745-08-01,,,Åland
1745-09-01,,,Åland
1745-10-01,,,Åland
1745-11-01,,,Åland
1745-12-01,,,Åland
1746-01-01,,,Åland
1746-02-01,,,Åland
1746-03-01,,,Åland
1746-04-01,,,Åland
1746-05-01,,,Åland
1746-06-01,,,Åland
1746-07-01,,,Åland
1746-08-01,,,Åland
1746-09-01,,,Åland
1746-10-01,,,Åland
1746-11-01,,,Åland
1746-12-01,,,Åland
1747-01-01,,,Åland
1747-02-01,,,Åland
1747-03-01,,,Åland
1747-04-01,,,Åland
1747-05-01,,,Åland
1747-06-01,,,Åland
1747-07-01,,,Åland
1747-08-01,,,Åland
1747-09-01,,,Åland
1747-10-01,,,Åland
1747-11-01,,,Åland
1747-12-01,,,Åland
1748-01-01,,,Åland
1748-02-01,,,Åland
1748-03-01,,,Åland
1748-04-01,,,Åland
1748-05-01,,,Åland
1748-06-01,,,Åland
1748-07-01,,,Åland
1748-08-01,,,Åland
1748-09-01,,,Åland
1748-10-01,,,Åland
1748-11-01,,,Åland
1748-12-01,,,Åland
1749-01-01,,,Åland
1749-02-01,,,Åland
1749-03-01,,,Åland
1749-04-01,,,Åland
1749-05-01,,,Åland
1749-06-01,,,Åland
1749-07-01,,,Åland
1749-08-01,,,Åland
1749-09-01,,,Åland
1749-10-01,,,Åland
1749-11-01,,,Åland
1749-12-01,,,Åland
1750-01-01,1.0910000000000006,1.119,Åland
1750-02-01,0.8090000000000002,3.353,Åland
1750-03-01,0.9229999999999999,4.716,Åland
1750-04-01,3.943,1.4340000000000002,Åland
1750-05-01,6.2650000000000015,1.339,Åland
1750-06-01,12.408,1.204,Åland
1750-07-01,16.683,1.1840000000000002,Åland
1750-08-01,17.076,0.996,Åland
1750-09-01,11.459000000000001,1.881,Åland
1750-10-01,2.627,1.5619999999999998,Åland
1750-11-01,,,Åland
1750-12-01,-4.058,2.166,Åland
1751-01-01,-3.408,1.52,Åland
1751-02-01,-8.392999999999999,2.525,Åland
1751-03-01,-0.12199999999999987,1.919,Åland
1751-04-01,2.1590000000000003,0.922,Åland
1751-05-01,,,Åland
1751-06-01,10.687999999999999,1.477,Åland
1751-07-01,15.66,0.966,Åland
1751-08-01,15.689,1.144,Åland
1751-09-01,10.906,1.23,Åland
1751-10-01,,,Åland
1751-11-01,,,Åland
1751-12-01,,,Åland
1752-01-01,-4.633,2.852,Åland
1752-02-01,,,Åland
1752-03-01,-0.3620000000000001,1.695,Åland
1752-04-01,1.9409999999999998,3.397,Åland
1752-05-01,,,Åland
1752-06-01,,,Åland
1752-07-01,,,Åland
1752-08-01,,,Åland
1752-09-01,,,Åland
1752-10-01,7.61,2.482,Åland
1752-11-01,4.767,0.816,Åland
1752-12-01,0.42700000000000005,0.937,Åland
1753-01-01,-2.412,8.017999999999999,Åland
1753-02-01,-3.273,3.736,Åland
1753-03-01,0.71,4.638,Åland
1753-04-01,2.778,5.138,Åland
1753-05-01,6.226,3.15,Åland
1753-06-01,11.102,3.644,Åland
1753-07-01,15.159,2.4930000000000003,Åland
1753-08-01,15.786,9.13,Åland
1753-09-01,12.106,1.765,Åland
1753-10-01,8.756,3.676,Åland
1753-11-01,2.248,4.019,Åland
1753-12-01,-7.766,6.527,Åland
1754-01-01,-3.147,1.767,Åland
1754-02-01,-4.444,5.279,Åland
1754-03-01,-3.95,3.862,Åland
1754-04-01,2.471,8.258,Åland
1754-05-01,7.888,3.964,Åland
1754-06-01,12.842,1.227,Åland
1754-07-01,14.454,3.0980000000000003,Åland
1754-08-01,14.683,6.097,Åland
1754-09-01,10.989999999999998,3.874,Åland
1754-10-01,7.096,2.012,Åland
1754-11-01,2.574,2.015,Åland
1754-12-01,-0.040000000000000015,2.952,Åland
1755-01-01,-5.507999999999999,5.459,Åland
1755-02-01,-7.167000000000001,4.337,Åland
1755-03-01,-4.352,5.195,Åland
1755-04-01,2.818,4.353,Åland
1755-05-01,7.581,2.224,Åland
1755-06-01,13.364,4.186,Åland
1755-07-01,17.261,2.268,Åland
1755-08-01,13.704,3.426,Åland
1755-09-01,10.562000000000001,1.085,Åland
1755-10-01,7.176,7.677,Åland
1755-11-01,2.2840000000000003,9.648,Åland
1755-12-01,-0.929,7.1110000000000015,Åland
1756-01-01,-1.0669999999999995,7.157,Åland
1756-02-01,0.6619999999999999,5.233,Åland
1756-03-01,-1.1820000000000002,7.667999999999998,Åland
1756-04-01,0.4740000000000002,3.513,Åland
1756-05-01,4.8100000000000005,4.509,Åland
1756-06-01,13.363,3.6,Åland
1756-07-01,16.399,1.969,Åland
1756-08-01,13.464,10.578,Åland
1756-09-01,11.082999999999998,4.164,Åland
1756-10-01,6.68,4.14,Åland
1756-11-01,-0.8010000000000006,5.774,Åland
1756-12-01,-1.959,2.809,Åland
1757-01-01,-5.324999999999998,4.919,Åland
1757-02-01,-2.16,5.202000000000001,Åland
1757-03-01,-2.577,3.94,Åland
1757-04-01,4.093,7.184,Åland
1757-05-01,5.977,4.3660000000000005,Åland
1757-06-01,13.588,4.935,Åland
1757-07-01,18.789,7.637,Åland
1757-08-01,16.486,5.349,Åland
1757-09-01,12.153,8.68,Åland
1757-10-01,3.2289999999999996,13.13,Åland
1757-11-01,3.417,6.237,Åland
1757-12-01,-2.7039999999999997,11.586,Åland
1758-01-01,-5.71,2.476,Åland
1758-02-01,-5.324999999999998,3.111,Åland
1758-03-01,-3.4210000000000003,4.84,Åland
1758-04-01,0.718,7.7,Åland
1758-05-01,7.602,7.108,Åland
1758-06-01,11.967,6.198,Åland
1758-07-01,15.07,9.513,Åland
1758-08-01,15.119000000000002,7.553,Åland
1758-09-01,9.125,3.638,Åland
1758-10-01,3.787,13.325,Åland
1758-11-01,2.931,10.969,Åland
1758-12-01,-2.9650000000000003,6.102,Åland
1759-01-01,0.3450000000000002,7.627000000000002,Åland
1759-02-01,0.7690000000000001,9.249,Åland
1759-03-01,-0.9890000000000002,4.239,Åland
1759-04-01,1.956,5.9,Åland
1759-05-01,4.655,3.88,Åland
1759-06-01,13.475,6.7029999999999985,Åland
1759-07-01,16.594,5.2810000000000015,Åland
1759-08-01,16.313,7.887,Åland
1759-09-01,10.245,7.207000000000002,Åland
1759-10-01,5.968999999999999,5.829,Åland
1759-11-01,1.1409999999999998,7.096,Åland
1759-12-01,-5.048,12.074000000000002,Åland
1760-01-01,-10.332,4.84,Åland
1760-02-01,-2.77,3.819,Åland
1760-03-01,-3.757,11.41,Åland
1760-04-01,0.4590000000000001,7.891,Åland
1760-05-01,7.03,4.621,Åland
1760-06-01,12.565999999999999,2.798,Åland
1760-07-01,16.539,5.901,Åland
1760-08-01,15.035,9.908,Åland
1760-09-01,13.197000000000001,6.9860000000000015,Åland
1760-10-01,4.524,5.654,Åland
1760-11-01,1.7199999999999998,4.041,Åland
1760-12-01,-2.347,3.738,Åland
1761-01-01,-2.079,7.774,Åland
1761-02-01,-3.68,4.301,Åland
1761-03-01,0.9339999999999996,1.208,Åland
1761-04-01,2.373,4.665,Åland
1761-05-01,7.577999999999999,5.625,Åland
1761-06-01,14.774,3.85,Åland
1761-07-01,16.057000000000002,6.988,Åland
1761-08-01,17.323,4.872,Åland
1761-09-01,12.986999999999998,4.879,Åland
1761-10-01,3.682,5.992000000000001,Åland
1761-11-01,2.614,2.091,Åland
1761-12-01,-3.304,3.151,Åland
1762-01-01,0.2150000000000003,2.966,Åland
1762-02-01,-2.592,9.239,Åland
1762-03-01,-4.2330000000000005,5.1389999999999985,Åland
1762-04-01,3.92,4.8039999999999985,Åland
1762-05-01,7.405,8.019,Åland
1762-06-01,14.341,8.752,Åland
1762-07-01,14.975,4.532,Åland
1762-08-01,13.467,2.77,Åland
1762-09-01,10.098,9.182,Åland
1762-10-01,1.8710000000000004,4.385,Åland
1762-11-01,3.859,2.93,Åland
1762-12-01,-0.722,5.937,Åland
1763-01-01,-4.768,6.6789999999999985,Åland
1763-02-01,-4.481999999999998,3.702,Åland
1763-03-01,-4.896000000000001,7.582000000000002,Åland
1763-04-01,0.21100000000000008,2.7310000000000003,Åland
1763-05-01,7.112,4.587,Åland
1763-06-01,12.232999999999999,6.653,Åland
1763-07-01,17.515,1.479,Åland
1763-08-01,15.593,4.474,Åland
1763-09-01,10.138,3.103,Åland
1763-10-01,5.44,6.754,Åland
1763-11-01,1.839,3.644,Åland
1763-12-01,-1.185,2.732,Åland
1764-01-01,-2.231,5.695,Åland
1764-02-01,0.4700000000000006,3.528,Åland
1764-03-01,-0.341,4.0539999999999985,Åland
1764-04-01,2.1100000000000003,5.47,Åland
1764-05-01,7.303,8.837,Åland
1764-06-01,10.353000000000002,4.268,Åland
1764-07-01,18.555,6.707999999999998,Åland
1764-08-01,14.799,1.899,Åland
1764-09-01,10.581,5.687,Åland
1764-10-01,5.98,2.983,Åland
1764-11-01,1.3569999999999998,3.15,Åland
1764-12-01,-2.185,4.442,Åland
1765-01-01,-2.934,11.117,Åland
1765-02-01,-4.7269999999999985,5.062,Åland
1765-03-01,-0.4550000000000001,3.074,Åland
1765-04-01,2.569,1.64,Åland
1765-05-01,5.4510000000000005,1.969,Åland
1765-06-01,11.665,4.407,Åland
1765-07-01,14.662,3.192,Åland
1765-08-01,15.225,4.244,Åland
1765-09-01,10.114,2.02,Åland
1765-10-01,6.4350000000000005,1.646,Åland
1765-11-01,4.085,4.62,Åland
1765-12-01,-1.483,2.7260000000000004,Åland
1766-01-01,-4.324999999999998,6.992000000000001,Åland
1766-02-01,-4.681,4.584,Åland
1766-03-01,-0.2930000000000001,3.5610000000000004,Åland
1766-04-01,4.707,4.069,Åland
1766-05-01,7.28,2.616,Åland
1766-06-01,14.119000000000002,7.782999999999999,Åland
1766-07-01,17.580000000000002,4.345,Åland
1766-08-01,15.527999999999999,3.983,Åland
1766-09-01,11.861999999999998,4.564,Åland
1766-10-01,6.5120000000000005,1.803,Åland
1766-11-01,5.06,5.6370000000000005,Åland
1766-12-01,-2.6130000000000004,4.3889999999999985,Åland
1767-01-01,-9.896,7.7879999999999985,Åland
1767-02-01,-5.456,8.988999999999997,Åland
1767-03-01,-1.6909999999999998,9.065,Åland
1767-04-01,-0.3839999999999999,6.685,Åland
1767-05-01,6.059,2.77,Åland
1767-06-01,11.831,4.945,Åland
1767-07-01,14.74,5.032,Åland
1767-08-01,17.375999999999998,2.932,Åland
1767-09-01,13.64,4.838,Åland
1767-10-01,6.604,3.01,Åland
1767-11-01,5.13,8.788,Åland
1767-12-01,-1.848,6.312,Åland
1768-01-01,-5.159,13.06,Åland
1768-02-01,-5.297000000000001,8.96,Åland
1768-03-01,-5.4639999999999995,5.978,Åland
1768-04-01,0.841,4.586,Åland
1768-05-01,6.021,2.8760000000000003,Åland
1768-06-01,12.0,5.193,Åland
1768-07-01,16.285,4.795,Åland
1768-08-01,15.682,2.126,Åland
1768-09-01,9.936,4.955,Åland
1768-10-01,4.583,5.809,Åland
1768-11-01,2.524,5.441,Åland
1768-12-01,2.579,6.791,Åland
1769-01-01,-0.7319999999999998,5.3820000000000014,Åland
1769-02-01,-3.3359999999999994,3.4410000000000003,Åland
1769-03-01,-1.1159999999999999,6.046,Åland
1769-04-01,2.116,6.8610000000000015,Åland
1769-05-01,6.632999999999999,9.802,Åland
1769-06-01,12.872,4.945,Åland
1769-07-01,15.174,6.218,Åland
1769-08-01,14.677,5.447,Åland
1769-09-01,11.079999999999998,1.389,Åland
1769-10-01,3.0460000000000003,3.16,Åland
1769-11-01,0.17100000000000026,1.195,Åland
1769-12-01,-2.2880000000000003,3.991,Åland
1770-01-01,-3.685,7.158,Åland
1770-02-01,-2.0780000000000003,4.5310000000000015,Åland
1770-03-01,-9.111,5.379,Åland
1770-04-01,1.195,13.024,Åland
1770-05-01,7.046,1.969,Åland
1770-06-01,12.315999999999999,4.657,Åland
1770-07-01,15.492,7.857,Åland
1770-08-01,16.496000000000002,5.314,Åland
1770-09-01,13.241,3.626,Åland
1770-10-01,9.111,5.7,Åland
1770-11-01,0.7969999999999997,6.608,Åland
1770-12-01,-0.998,11.143,Åland
1771-01-01,-6.181,8.776,Åland
1771-02-01,-7.981,4.67,Åland
1771-03-01,-7.407000000000001,8.285,Åland
1771-04-01,-0.6509999999999998,8.057,Åland
1771-05-01,7.5,12.332,Åland
1771-06-01,14.65,3.14,Åland
1771-07-01,15.534,1.145,Åland
1771-08-01,14.046,3.133,Åland
1771-09-01,11.143999999999998,1.807,Åland
1771-10-01,6.801,1.982,Åland
1771-11-01,1.7259999999999998,5.182,Åland
1771-12-01,1.101,4.939,Åland
1772-01-01,-4.417,7.867000000000001,Åland
1772-02-01,-9.032,10.880999999999998,Åland
1772-03-01,-6.343999999999999,5.183,Åland
1772-04-01,0.31500000000000017,5.058,Åland
1772-05-01,4.257,1.791,Åland
1772-06-01,11.97,5.816,Åland
1772-07-01,16.133,3.991,Åland
1772-08-01,15.525,5.0360000000000005,Åland
1772-09-01,11.12,3.665,Åland
1772-10-01,9.246,2.189,Åland
1772-11-01,6.095,5.863,Åland
1772-12-01,1.591,4.168,Åland
1773-01-01,-2.853,3.137,Åland
1773-02-01,-2.991,3.642,Åland
1773-03-01,-1.146,2.356,Åland
1773-04-01,3.7889999999999997,2.965,Åland
1773-05-01,9.05,4.168,Åland
1773-06-01,12.297,1.116,Åland
1773-07-01,17.003,2.72,Åland
1773-08-01,16.775000000000002,2.444,Åland
1773-09-01,12.558,2.332,Åland
1773-10-01,8.237,1.886,Åland
1773-11-01,4.098,7.55,Åland
1773-12-01,-0.265,6.3870000000000005,Åland
1774-01-01,-9.685,10.528,Åland
1774-02-01,-3.544,8.314,Åland
1774-03-01,-2.52,3.307,Åland
1774-04-01,2.146,5.917000000000002,Åland
1774-05-01,8.823,3.241,Åland
1774-06-01,15.11,8.623,Åland
1774-07-01,17.358,7.976,Åland
1774-08-01,15.828,3.634,Åland
1774-09-01,10.994000000000002,3.7,Åland
1774-10-01,6.617999999999999,4.992,Åland
1774-11-01,-4.17,7.29,Åland
1774-12-01,-2.5900000000000003,5.854,Åland
1775-01-01,-3.75,5.622999999999998,Åland
1775-02-01,-1.6279999999999997,5.4689999999999985,Åland
1775-03-01,-0.1160000000000001,2.582,Åland
1775-04-01,2.1519999999999997,1.791,Åland
1775-05-01,7.555,3.572,Åland
1775-06-01,14.274,5.745,Åland
1775-07-01,18.174,1.823,Åland
1775-08-01,18.412,2.342,Åland
1775-09-01,14.978,3.6010000000000004,Åland
1775-10-01,9.37,2.721,Åland
1775-11-01,1.1349999999999998,6.892,Åland
1775-12-01,1.1130000000000002,2.582,Åland
1776-01-01,-8.039,7.06,Åland
1776-02-01,-1.4289999999999994,3.838,Åland
1776-03-01,-1.56,3.386,Åland
1776-04-01,1.294,1.3130000000000002,Åland
1776-05-01,5.7330000000000005,3.662,Åland
1776-06-01,14.147,3.839,Åland
1776-07-01,18.226,3.824,Åland
1776-08-01,16.592,5.263,Åland
1776-09-01,11.414000000000001,3.663,Åland
1776-10-01,7.416,3.905,Åland
1776-11-01,3.4160000000000004,7.246,Åland
1776-12-01,0.615,3.71,Åland
1777-01-01,-4.148,5.223,Åland
1777-02-01,-5.6949999999999985,5.26,Åland
1777-03-01,-3.8689999999999998,2.478,Åland
1777-04-01,0.6270000000000002,2.316,Åland
1777-05-01,8.602,4.254,Åland
1777-06-01,12.138,3.304,Åland
1777-07-01,14.652,2.394,Åland
1777-08-01,15.231,2.172,Åland
1777-09-01,10.56,5.124,Åland
1777-10-01,5.702999999999999,5.737,Åland
1777-11-01,3.681,2.208,Åland
1777-12-01,0.08199999999999996,1.923,Åland
1778-01-01,-4.417,3.25,Åland
1778-02-01,-3.1259999999999994,4.601,Åland
1778-03-01,-2.779,4.602,Åland
1778-04-01,3.076,1.729,Åland
1778-05-01,7.939,3.755,Åland
1778-06-01,12.687999999999999,6.763,Åland
1778-07-01,16.984,1.524,Åland
1778-08-01,15.276,4.207,Åland
1778-09-01,11.135,1.855,Åland
1778-10-01,1.999,7.644,Åland
1778-11-01,1.734,4.857,Åland
1778-12-01,0.4,3.663,Åland
1779-01-01,-1.805,3.726,Åland
1779-02-01,1.6800000000000006,8.976,Åland
1779-03-01,2.7269999999999994,5.392,Åland
1779-04-01,3.998,4.271,Åland
1779-05-01,8.172,2.132,Åland
1779-06-01,11.744000000000002,4.557,Åland
1779-07-01,15.728,3.029,Åland
1779-08-01,18.395,4.176,Åland
1779-09-01,13.053,2.695,Åland
1779-10-01,9.617,4.277,Åland
1779-11-01,2.782,2.519,Åland
1779-12-01,-3.123,10.619000000000002,Åland
1780-01-01,-5.6160000000000005,6.172999999999999,Åland
1780-02-01,-4.6610000000000005,3.788,Åland
1780-03-01,0.7360000000000002,1.402,Åland
1780-04-01,1.5750000000000002,2.742,Åland
1780-05-01,6.5870000000000015,1.94,Åland
1780-06-01,11.245,5.985,Åland
1780-07-01,16.692999999999998,2.761,Åland
1780-08-01,16.055999999999997,5.337999999999999,Åland
1780-09-01,10.736,4.285,Åland
1780-10-01,7.552,2.383,Åland
1780-11-01,0.15699999999999958,2.991,Åland
1780-12-01,-1.885,2.749,Åland
1781-01-01,-4.6080000000000005,9.235,Åland
1781-02-01,-4.343,12.315,Åland
1781-03-01,-0.405,1.581,Åland
1781-04-01,2.395,3.2310000000000003,Åland
1781-05-01,5.636,3.4610000000000003,Åland
1781-06-01,13.779000000000002,2.6910000000000003,Åland
1781-07-01,16.342000000000002,4.292,Åland
1781-08-01,18.589000000000002,1.401,Åland
1781-09-01,14.686,7.217,Åland
1781-10-01,6.167000000000001,1.058,Åland
1781-11-01,4.061,2.536,Åland
1781-12-01,-3.8789999999999996,8.392999999999999,Åland
1782-01-01,-1.7179999999999995,4.827,Åland
1782-02-01,-5.24,9.9,Åland
1782-03-01,-5.053999999999999,2.985,Åland
1782-04-01,0.13800000000000012,4.709,Åland
1782-05-01,5.115,3.849,Åland
1782-06-01,11.805,2.9530000000000003,Åland
1782-07-01,14.623,5.606,Åland
1782-08-01,15.356,3.155,Åland
1782-09-01,12.18,3.278,Åland
1782-10-01,5.187,4.272,Åland
1782-11-01,0.6099999999999999,9.815,Åland
1782-12-01,-1.5969999999999998,5.775,Åland
1783-01-01,-6.032,10.028,Åland
1783-02-01,-2.231,4.591,Åland
1783-03-01,-3.5589999999999997,2.925,Åland
1783-04-01,3.7260000000000004,2.277,Åland
1783-05-01,8.135,5.849,Åland
1783-06-01,13.804,2.847,Åland
1783-07-01,17.823,4.056,Åland
1783-08-01,15.942,1.719,Åland
1783-09-01,13.222000000000001,4.698,Åland
1783-10-01,8.301,4.73,Åland
1783-11-01,1.13,3.428,Åland
1783-12-01,-2.099,3.683,Åland
1784-01-01,-6.596,10.129,Åland
1784-02-01,-4.675,8.871,Åland
1784-03-01,-8.177999999999999,7.115,Åland
1784-04-01,0.738,8.852,Åland
1784-05-01,6.257999999999999,2.306,Åland
1784-06-01,11.307,2.6910000000000003,Åland
1784-07-01,14.995999999999999,5.504,Åland
1784-08-01,14.663,7.651,Åland
1784-09-01,10.51,5.319,Åland
1784-10-01,5.428999999999999,5.061,Åland
1784-11-01,3.7110000000000003,2.638,Åland
1784-12-01,-3.648,2.567,Åland
1785-01-01,-4.12,3.837,Åland
1785-02-01,-6.172000000000001,6.483,Åland
1785-03-01,-6.432,4.148,Åland
1785-04-01,0.3630000000000002,4.305,Åland
1785-05-01,4.466,5.505,Åland
1785-06-01,12.029000000000002,5.48,Åland
1785-07-01,15.885,5.102,Åland
1785-08-01,14.925999999999998,4.223,Åland
1785-09-01,9.771,1.67,Åland
1785-10-01,5.487,3.813,Åland
1785-11-01,2.943,5.358,Åland
1785-12-01,-3.02,2.28,Åland
1786-01-01,-5.509,3.1910000000000003,Åland
1786-02-01,-4.65,2.547,Åland
1786-03-01,-6.575,7.2970000000000015,Åland
1786-04-01,1.6940000000000002,5.186,Åland
1786-05-01,5.4079999999999995,4.472,Åland
1786-06-01,12.718,2.605,Åland
1786-07-01,15.294,5.688,Åland
1786-08-01,16.107,8.499,Åland
1786-09-01,11.363,9.736,Åland
1786-10-01,5.5280000000000005,2.043,Åland
1786-11-01,-2.5180000000000002,5.857,Åland
1786-12-01,-1.659,2.919,Åland
1787-01-01,-2.13,4.401,Åland
1787-02-01,-1.4979999999999998,4.941,Åland
1787-03-01,-0.5569999999999999,4.675,Åland
1787-04-01,0.917,3.43,Åland
1787-05-01,7.1610000000000005,5.796,Åland
1787-06-01,12.814,4.7810000000000015,Åland
1787-07-01,14.788,7.8610000000000015,Åland
1787-08-01,13.847999999999999,6.002000000000002,Åland
1787-09-01,10.693,3.5810000000000004,Åland
1787-10-01,8.488,8.582,Åland
1787-11-01,0.21899999999999945,1.876,Åland
1787-12-01,-3.5810000000000004,5.3039999999999985,Åland
1788-01-01,-3.004,2.281,Åland
1788-02-01,-6.959999999999999,6.903,Åland
1788-03-01,-6.231000000000001,3.727,Åland
1788-04-01,2.7670000000000003,4.133,Åland
1788-05-01,6.621,2.662,Åland
1788-06-01,13.668,3.418,Åland
1788-07-01,18.059,5.142,Åland
1788-08-01,15.09,2.355,Åland
1788-09-01,13.178999999999998,1.7080000000000002,Åland
1788-10-01,4.421,3.679,Åland
1788-11-01,2.07,3.137,Åland
1788-12-01,-9.563999999999998,4.472,Åland
1789-01-01,-7.374,6.58,Åland
1789-02-01,-4.433,4.143,Åland
1789-03-01,-8.952000000000002,5.226,Åland
1789-04-01,0.2180000000000002,3.1710000000000003,Åland
1789-05-01,8.215,4.28,Åland
1789-06-01,14.725,2.231,Åland
1789-07-01,18.543,3.528,Åland
1789-08-01,18.346,2.009,Åland
1789-09-01,13.855,1.829,Åland
1789-10-01,9.0,4.839,Åland
1789-11-01,3.885,1.278,Åland
1789-12-01,3.919,2.195,Åland
1790-01-01,0.02800000000000047,5.263,Åland
1790-02-01,0.6280000000000001,5.05,Åland
1790-03-01,1.6110000000000002,2.903,Åland
1790-04-01,-1.541,3.314,Åland
1790-05-01,7.96,2.513,Åland
1790-06-01,11.527,3.36,Åland
1790-07-01,13.862,3.109,Åland
1790-08-01,14.128,2.49,Åland
1790-09-01,10.803,2.268,Åland
1790-10-01,5.558,3.408,Åland
1790-11-01,1.7569999999999997,1.554,Åland
1790-12-01,0.058,8.984,Åland
1791-01-01,2.2360000000000007,7.79,Åland
1791-02-01,-0.19599999999999973,2.477,Åland
1791-03-01,0.975,4.8260000000000005,Åland
1791-04-01,3.234,3.245,Åland
1791-05-01,5.638,2.74,Åland
1791-06-01,11.683,2.483,Åland
1791-07-01,17.014,2.518,Åland
1791-08-01,16.114,1.659,Åland
1791-09-01,10.546,2.931,Åland
1791-10-01,5.643000000000002,1.526,Åland
1791-11-01,2.62,2.852,Åland
1791-12-01,-0.7290000000000001,2.447,Åland
1792-01-01,-5.16,5.392,Åland
1792-02-01,-5.496,3.1910000000000003,Åland
1792-03-01,-3.603,2.032,Åland
1792-04-01,3.0389999999999997,2.116,Åland
1792-05-01,6.917000000000001,2.609,Åland
1792-06-01,13.162,1.824,Åland
1792-07-01,18.159000000000002,2.757,Åland
1792-08-01,15.12,2.299,Åland
1792-09-01,12.363,4.204,Åland
1792-10-01,5.151,2.6,Åland
1792-11-01,4.283,3.629,Åland
1792-12-01,0.04799999999999999,4.052,Åland
1793-01-01,-2.29,4.882,Åland
1793-02-01,-1.1929999999999996,5.41,Åland
1793-03-01,-1.254,4.239,Åland
1793-04-01,2.233,2.521,Åland
1793-05-01,7.544,1.926,Åland
1793-06-01,12.414,4.339,Åland
1793-07-01,16.659000000000002,7.1720000000000015,Åland
1793-08-01,15.767,6.44,Åland
1793-09-01,10.901,2.9330000000000003,Åland
1793-10-01,7.858,4.744,Åland
1793-11-01,2.3480000000000003,5.914,Åland
1793-12-01,-2.742,3.494,Åland
1794-01-01,-0.5,6.827000000000001,Åland
1794-02-01,-1.833,8.406,Åland
1794-03-01,2.218,2.131,Åland
1794-04-01,4.787,2.655,Åland
1794-05-01,8.527000000000001,4.078,Åland
1794-06-01,13.58,6.301,Åland
1794-07-01,16.625999999999998,7.957000000000002,Åland
1794-08-01,15.085999999999999,3.236,Åland
1794-09-01,11.093,3.295,Åland
1794-10-01,8.335,3.449,Åland
1794-11-01,3.049,3.696,Åland
1794-12-01,-0.267,3.404,Åland
1795-01-01,-6.087000000000001,6.816,Åland
1795-02-01,-6.987,9.52,Åland
1795-03-01,-5.934,3.618,Åland
1795-04-01,3.3520000000000003,2.887,Åland
1795-05-01,5.295,5.869,Åland
1795-06-01,12.225,2.917,Åland
1795-07-01,15.333,4.155,Åland
1795-08-01,15.386,3.104,Åland
1795-09-01,12.586,5.5870000000000015,Åland
1795-10-01,7.428,4.982,Åland
1795-11-01,2.306,2.734,Åland
1795-12-01,-2.555,4.18,Åland
1796-01-01,2.5020000000000007,4.211,Åland
1796-02-01,-1.866,1.6469999999999998,Åland
1796-03-01,-3.031,3.753,Åland
1796-04-01,2.766,1.783,Åland
1796-05-01,6.848,1.3869999999999998,Åland
1796-06-01,13.22,5.065,Åland
1796-07-01,16.222,3.085,Åland
1796-08-01,16.417,5.252000000000002,Åland
1796-09-01,11.313999999999998,5.316,Åland
1796-10-01,7.3980000000000015,1.584,Åland
1796-11-01,1.954,3.654,Åland
1796-12-01,-4.383,6.047999999999999,Åland
1797-01-01,-0.9299999999999996,8.587,Åland
1797-02-01,2.9190000000000005,3.277,Åland
1797-03-01,0.031999999999999806,2.648,Åland
1797-04-01,1.8969999999999998,4.581,Åland
1797-05-01,6.6160000000000005,3.334,Åland
1797-06-01,12.8,2.6830000000000003,Åland
1797-07-01,16.313,3.254,Åland
1797-08-01,15.772,3.409,Åland
1797-09-01,14.004000000000001,4.867,Åland
1797-10-01,7.1450000000000005,2.563,Åland
1797-11-01,1.6649999999999998,3.603,Åland
1797-12-01,0.3660000000000001,3.907,Åland
1798-01-01,-2.793,1.602,Åland
1798-02-01,-2.009,2.5540000000000003,Åland
1798-03-01,-2.089,2.476,Åland
1798-04-01,2.9589999999999996,1.504,Åland
1798-05-01,10.554,5.317,Åland
1798-06-01,13.93,3.155,Åland
1798-07-01,17.985,3.404,Åland
1798-08-01,17.29,6.769,Åland
1798-09-01,12.047,4.023,Åland
1798-10-01,8.297,3.813,Åland
1798-11-01,2.708,3.728,Åland
1798-12-01,-2.9310000000000005,3.549,Åland
1799-01-01,-1.943,3.439,Åland
1799-02-01,-12.02,3.327,Åland
1799-03-01,-4.718,3.278,Åland
1799-04-01,0.645,4.901,Åland
1799-05-01,4.381,1.908,Åland
1799-06-01,11.929,3.941,Åland
1799-07-01,15.437,3.188,Åland
1799-08-01,14.272,1.421,Åland
1799-09-01,10.559000000000001,3.645,Åland
1799-10-01,6.7570000000000014,2.834,Åland
1799-11-01,6.068999999999999,2.952,Åland
1799-12-01,-3.907,1.713,Åland
1800-01-01,-5.567,2.1180000000000003,Åland
1800-02-01,-4.887,6.1,Åland
1800-03-01,-6.784,4.519,Åland
1800-04-01,3.487,2.092,Åland
1800-05-01,7.045,1.747,Åland
1800-06-01,9.580000000000002,1.639,Åland
1800-07-01,13.945,2.536,Åland
1800-08-01,14.85,3.676,Åland
1800-09-01,10.291,3.676,Åland
1800-10-01,7.612,3.694,Åland
1800-11-01,4.633,3.082,Åland
1800-12-01,1.962,3.963,Åland
1801-01-01,-2.655,2.0780000000000003,Åland
1801-02-01,-4.478999999999999,1.913,Åland
1801-03-01,-0.53,1.989,Åland
1801-04-01,3.498,1.98,Åland
1801-05-01,10.712,3.0980000000000003,Åland
1801-06-01,11.649,2.845,Åland
1801-07-01,16.829,3.741,Åland
1801-08-01,13.312999999999999,2.045,Åland
1801-09-01,11.077,2.198,Åland
1801-10-01,6.926,1.918,Åland
1801-11-01,3.2060000000000004,2.059,Åland
1801-12-01,-2.68,6.502000000000002,Åland
1802-01-01,-6.0459999999999985,3.08,Åland
1802-02-01,-2.114,2.631,Åland
1802-03-01,0.985,2.469,Åland
1802-04-01,3.557,2.536,Åland
1802-05-01,4.928000000000001,2.369,Åland
1802-06-01,11.013000000000002,2.087,Åland
1802-07-01,14.154000000000002,2.641,Åland
1802-08-01,15.950999999999999,2.419,Åland
1802-09-01,10.177,3.917,Åland
1802-10-01,8.394,4.566,Åland
1802-11-01,0.9509999999999996,2.631,Åland
1802-12-01,-1.31,2.351,Åland
1803-01-01,-8.914,4.169,Åland
1803-02-01,-5.98,4.274,Åland
1803-03-01,-1.785,3.4930000000000003,Åland
1803-04-01,5.263,2.622,Åland
1803-05-01,8.068,2.701,Åland
1803-06-01,11.667000000000002,1.902,Åland
1803-07-01,16.553,2.142,Åland
1803-08-01,16.712,2.8560000000000003,Åland
1803-09-01,10.249,1.4280000000000002,Åland
1803-10-01,5.476,4.0360000000000005,Åland
1803-11-01,0.7269999999999999,2.985,Åland
1803-12-01,-5.876,2.632,Åland
1804-01-01,-3.7289999999999996,6.074,Åland
1804-02-01,-7.515,2.333,Åland
1804-03-01,-5.674,4.5680000000000005,Åland
1804-04-01,1.197,2.949,Åland
1804-05-01,8.309000000000001,1.675,Åland
1804-06-01,12.559,1.4780000000000002,Åland
1804-07-01,17.844,3.879,Åland
1804-08-01,16.009,2.225,Åland
1804-09-01,13.046,5.337999999999999,Åland
1804-10-01,8.119,2.7310000000000003,Åland
1804-11-01,0.3219999999999996,5.638,Åland
1804-12-01,-6.224,5.319,Åland
1805-01-01,-4.053,3.031,Åland
1805-02-01,-7.4209999999999985,3.199,Åland
1805-03-01,-2.47,2.241,Åland
1805-04-01,0.5130000000000001,4.079,Åland
1805-05-01,5.003,1.26,Åland
1805-06-01,9.874,3.21,Åland
1805-07-01,16.43,2.669,Åland
1805-08-01,16.062,2.428,Åland
1805-09-01,12.104000000000001,3.642,Åland
1805-10-01,2.3,2.082,Åland
1805-11-01,0.6859999999999999,2.487,Åland
1805-12-01,-1.899,2.289,Åland
1806-01-01,-1.897,2.624,Åland
1806-02-01,-5.05,4.85,Åland
1806-03-01,-4.407,3.709,Åland
1806-04-01,-0.4899999999999998,4.836,Åland
1806-05-01,6.872000000000001,2.302,Åland
1806-06-01,9.626,2.344,Åland
1806-07-01,13.948,1.851,Åland
1806-08-01,16.437,2.426,Åland
1806-09-01,13.515,3.505,Åland
1806-10-01,5.995,1.137,Åland
1806-11-01,2.416,1.249,Åland
1806-12-01,1.4580000000000002,3.513,Åland
1807-01-01,-4.176,3.279,Åland
1807-02-01,-1.824,5.62,Åland
1807-03-01,-3.342,5.274,Åland
1807-04-01,-1.327,2.989,Åland
1807-05-01,5.33,1.843,Åland
1807-06-01,11.677999999999999,1.232,Åland
1807-07-01,16.642,4.106,Åland
1807-08-01,18.271,3.138,Åland
1807-09-01,9.905,1.391,Åland
1807-10-01,4.9510000000000005,1.753,Åland
1807-11-01,2.241,3.094,Åland
1807-12-01,-0.244,2.415,Åland
1808-01-01,-1.1359999999999997,3.582,Åland
1808-02-01,-6.135,2.928,Åland
1808-03-01,-4.928999999999999,5.92,Åland
1808-04-01,-1.6260000000000003,1.993,Åland
1808-05-01,7.731,4.579,Åland
1808-06-01,13.052999999999999,1.7380000000000002,Åland
1808-07-01,16.365000000000002,1.737,Åland
1808-08-01,16.185000000000002,2.208,Åland
1808-09-01,12.507,4.328,Åland
1808-10-01,8.201,1.894,Åland
1808-11-01,2.047,2.909,Åland
1808-12-01,-5.415,2.364,Åland
1809-01-01,-11.387,5.185,Åland
1809-02-01,-7.497999999999998,4.851,Åland
1809-03-01,-5.65,3.921,Åland
1809-04-01,-2.107,5.468,Åland
1809-05-01,7.671,3.326,Åland
1809-06-01,12.007,2.01,Åland
1809-07-01,16.105999999999998,1.55,Åland
1809-08-01,17.218,1.359,Åland
1809-09-01,12.074000000000002,2.903,Åland
1809-10-01,6.164,5.904,Åland
1809-11-01,0.017999999999999794,3.714,Åland
1809-12-01,2.572,4.759,Åland
1810-01-01,-1.914,6.9060000000000015,Åland
1810-02-01,-4.247999999999998,4.918,Åland
1810-03-01,-5.672999999999999,3.753,Åland
1810-04-01,-1.6189999999999998,5.091,Åland
1810-05-01,3.883000000000001,3.863,Åland
1810-06-01,10.818,4.1110000000000015,Åland
1810-07-01,15.538,4.135,Åland
1810-08-01,15.853,3.283,Åland
1810-09-01,11.972000000000001,1.835,Åland
1810-10-01,5.587999999999999,5.634,Åland
1810-11-01,0.569,3.16,Åland
1810-12-01,-1.606,4.216,Åland
1811-01-01,-3.2310000000000003,4.085,Åland
1811-02-01,-4.132,5.356,Åland
1811-03-01,1.0699999999999998,3.028,Åland
1811-04-01,0.2390000000000001,1.232,Åland
1811-05-01,8.74,4.559,Åland
1811-06-01,14.515,3.875,Åland
1811-07-01,17.548000000000002,3.466,Åland
1811-08-01,15.524,4.757,Åland
1811-09-01,10.792,3.274,Åland
1811-10-01,4.921,6.0360000000000005,Åland
1811-11-01,2.987,6.247999999999998,Åland
1811-12-01,0.233,2.818,Åland
1812-01-01,-3.603,3.1910000000000003,Åland
1812-02-01,-2.4019999999999992,1.504,Åland
1812-03-01,-5.0470000000000015,3.512,Åland
1812-04-01,-2.463,3.245,Åland
1812-05-01,4.416,3.257,Åland
1812-06-01,11.2,1.161,Åland
1812-07-01,13.610999999999999,2.026,Åland
1812-08-01,15.98,5.867000000000001,Åland
1812-09-01,9.003,1.16,Åland
1812-10-01,8.046,4.416,Åland
1812-11-01,0.2810000000000001,4.125,Åland
1812-12-01,-5.309,5.075,Åland
1813-01-01,-4.02,5.1610000000000005,Åland
1813-02-01,-0.8149999999999995,2.228,Åland
1813-03-01,-0.3940000000000001,9.23,Åland
1813-04-01,2.386,1.095,Åland
1813-05-01,5.542000000000001,7.32,Åland
1813-06-01,10.370999999999999,3.673,Åland
1813-07-01,16.857,2.466,Åland
1813-08-01,15.072,1.241,Åland
1813-09-01,12.719000000000001,2.1,Åland
1813-10-01,3.734,1.579,Åland
1813-11-01,4.093,2.565,Åland
1813-12-01,-1.111,2.154,Åland
1814-01-01,-12.187000000000001,6.694,Åland
1814-02-01,-7.595,1.981,Åland
1814-03-01,-3.138,3.099,Åland
1814-04-01,2.813,1.337,Åland
1814-05-01,4.343,1.851,Åland
1814-06-01,10.860999999999999,1.6909999999999998,Åland
1814-07-01,17.75,3.816,Åland
1814-08-01,15.963,1.547,Åland
1814-09-01,10.657,1.845,Åland
1814-10-01,5.705,4.52,Åland
1814-11-01,3.806,6.921,Åland
1814-12-01,-0.7770000000000001,8.539,Åland
1815-01-01,-3.511,2.36,Åland
1815-02-01,-2.7349999999999994,7.9689999999999985,Åland
1815-03-01,-1.1350000000000002,5.048,Åland
1815-04-01,2.71,2.175,Åland
1815-05-01,6.506,3.174,Åland
1815-06-01,10.418,3.209,Åland
1815-07-01,13.642999999999999,3.315,Åland
1815-08-01,16.285999999999998,1.727,Åland
1815-09-01,11.015,1.33,Åland
1815-10-01,6.98,4.466,Åland
1815-11-01,3.216,2.812,Åland
1815-12-01,-1.844,2.592,Åland
1816-01-01,-2.307,4.676,Åland
1816-02-01,-8.116,3.0380000000000003,Åland
1816-03-01,-4.223000000000001,3.149,Åland
1816-04-01,1.04,5.1,Åland
1816-05-01,4.255000000000001,2.7230000000000003,Åland
1816-06-01,12.222,2.084,Åland
1816-07-01,16.537,2.88,Åland
1816-08-01,13.931,1.024,Åland
1816-09-01,11.392000000000001,1.4169999999999998,Åland
1816-10-01,5.343,7.848,Åland
1816-11-01,1.5919999999999996,8.689,Åland
1816-12-01,-0.08800000000000002,2.512,Åland
1817-01-01,1.2120000000000002,5.948,Åland
1817-02-01,-0.5899999999999999,3.274,Åland
1817-03-01,-3.12,3.268,Åland
1817-04-01,0.5580000000000003,2.519,Åland
1817-05-01,7.974,3.142,Åland
1817-06-01,11.439,1.988,Åland
1817-07-01,16.007,1.869,Åland
1817-08-01,14.805,2.421,Åland
1817-09-01,11.703,3.35,Åland
1817-10-01,4.16,4.003,Åland
1817-11-01,2.126,3.042,Åland
1817-12-01,-7.117000000000001,4.542,Åland
1818-01-01,-2.372,4.48,Åland
1818-02-01,-3.269,1.705,Åland
1818-03-01,-0.6700000000000002,2.474,Åland
1818-04-01,-1.0519999999999996,6.893,Åland
1818-05-01,5.917000000000001,3.954,Åland
1818-06-01,12.085999999999999,5.2860000000000005,Åland
1818-07-01,18.598,4.155,Åland
1818-08-01,13.429,1.2990000000000002,Åland
1818-09-01,11.556,3.049,Åland
1818-10-01,7.983,2.962,Åland
1818-11-01,4.117,6.555,Åland
1818-12-01,2.9810000000000003,2.364,Åland
1819-01-01,1.7599999999999998,3.733,Åland
1819-02-01,-2.146,4.13,Åland
1819-03-01,-1.27,7.952000000000001,Åland
1819-04-01,1.3000000000000005,1.6869999999999998,Åland
1819-05-01,7.109,2.065,Åland
1819-06-01,14.31,1.812,Åland
1819-07-01,18.117,1.108,Åland
1819-08-01,18.552,2.2030000000000003,Åland
1819-09-01,13.829999999999998,1.609,Åland
1819-10-01,5.682,2.043,Åland
1819-11-01,-0.6160000000000005,2.9410000000000003,Åland
1819-12-01,-5.642,3.775,Åland
1820-01-01,-9.312,8.952,Åland
1820-02-01,-3.826,3.686,Åland
1820-03-01,-2.5540000000000003,3.0460000000000003,Åland
1820-04-01,2.5989999999999998,1.384,Åland
1820-05-01,7.892,2.3040000000000003,Åland
1820-06-01,12.302,1.269,Åland
1820-07-01,15.547,4.018,Åland
1820-08-01,15.350999999999999,2.892,Åland
1820-09-01,11.825,2.533,Åland
1820-10-01,6.667000000000001,0.999,Åland
1820-11-01,1.5459999999999998,0.89,Åland
1820-12-01,-4.067,1.659,Åland